passing_name,Season,salary_name
A.J. Cochran,2015,AJ Cochran
A.J. DeLaGarza,2015,AJ DeLaGarza
A.J. DeLaGarza,2016,AJ DeLaGarza
A.J. DeLaGarza,2017,AJ DeLaGarza
A.J. DeLaGarza,2018,AJ DeLaGarza
Aaron Guillen,2016,Aaron Guillen
Aaron Guillen,2017,Aaron Guillen
Aaron Herrera,2018,Aaron Herrera
Aaron Kovar,2015,Aaron Kovar
Aaron Kovar,2016,Aaron Kovar
Aaron Kovar,2017,Aaron Kovar
Aaron Kovar,2018,Aaron Kovar
Aaron Long,2017,Aaron Long
Aaron Long,2018,Aaron Long
Aaron Maund,2015,Aaron Maund
Aaron Maund,2016,Aaron Maund
Aaron Maund,2017,Aaron Maund
Aaron Maund,2018,Aaron Maund
Aaron Schoenfeld,2015,Aaron Schoenfeld
Abdoulie Mansally,2015,Kenny Mansally
Abdoulie Mansally,2016,Kenny Mansally
Abel Aguilar,2018,Abel Aguilar
Abu Danladi,2017,Abu Danladi
Abu Danladi,2018,Abu Danladi
Adailton,2015,Adailton Filho
Adam Grinwis,2018,Adam Grinwis
Adam Henley,2018,Adam Henley
Adam Jahn,2015,Adam Jahn
Adam Jahn,2016,Adam Jahn
Adam Jahn,2017,Adam Jahn
Adam Jahn,2018,Adam Jahn
Adam Larsen Kwarasey,2015,Adam Kwarasey
Adam Larsen Kwarasey,2016,Adam Kwarasey
Adam Lundqvist,2018,Adam Lundkvist
Adam Najem,2017,Adam Najem
Adam Nemec,2015,Adam Nemec
Adama Diomande,2018,Adama Diomande
Adolfo Machado,2017,Adolfo Machado
Adolfo Machado,2018,Adolfo Machado
Adrian Arregui,2017,Adrian Arregui
Adrian Winter,2015,Adrian Winter
Adrian Winter,2016,Adrian Winter
Ager Aketxe,2018,Ager Aketxe Barrutia
Agus,2016,Agustin Garcia
Agustin Jara,2016,Agustin Jara
Ahmed Kantari,2015,Ahmed Kantari
Aidan Daniels,2018,Aidan Daniels
Alan Gordon,2015,Alan Gordon
Alan Gordon,2016,Alan Gordon
Alan Gordon,2017,Alan Gordon
Alan Gordon,2018,Alan Gordon
Albert Rusnak,2017,Albert Rusnak
Albert Rusnak,2018,Albert Rusnak
Alberth Elis,2017,Alberth Elis
Alberth Elis,2018,Alberth Elis
Alberto Quintero,2016,Alberto Quintero
Alec Kann,2015,Alec Kann
Alec Kann,2016,Alec Kann
Alec Kann,2017,Alec Kann
Alec Kann,2018,Alec Kann
Alejandro Bedoya,2016,Alejandro Bedoya
Alejandro Bedoya,2017,Alejandro Bedoya
Alejandro Bedoya,2018,Alejandro Bedoya
Alejandro Fuenmayor,2018,Alejandro Fuenmayor
Alejandro Romero Gamarra,2018,Alejandro 'Kaku' Romero
Alejandro Silva,2018,Alejandro Silva
Alejandro Zendejas,2015,Alejandro Zendejas
Aleksandar Katai,2018,Aleksandar Katai
Alex,2015,Alex Monteiro de Lima
Alex,2016,Alex Monteiro de Lima
Alex,2017,Alex Monteiro de Lima
Alex Bono,2016,Alex Bono
Alex Crognale,2017,Alex Crognale
Alex Crognale,2018,Alex Crognale
Alex Morrell,2016,Alex Morrell
Alex Muyl,2016,Alex Muyl
Alex Muyl,2017,Alex Muyl
Alex Muyl,2018,Alex Muyl
Alex Roldan,2018,Alex Roldan
Alex Tambakis,2017,Alexander Tambakis
Alexander Bono,2017,Alex Bono
Alexander Bono,2018,Alex Bono
Alexander Callens,2017,Alexander Callens
Alexander Callens,2018,Alexander Callens
Alexander Lopez,2015,Alexander Lopez
Alexander Ring,2017,Alexander Ring
Alexander Ring,2018,Alexander Ring
Alexi Gomez,2018,Alexi Gomez
Alfredo Ortuno,2018,Alfredo Ortuno
Alhaji Kamara,2016,Alhaji Kamara
Alhaji Kamara,2017,Alhaji Kamara
Ali Ghazal,2018,Ali Ghazal
Alphonso Davies,2016,Alphonso Davies
Alphonso Davies,2017,Alphonso Davies
Alphonso Davies,2018,Alphonso Davies
Alvaro Fernandez,2016,Alvaro Fernandez
Alvaro Fernandez,2017,Alvaro Fernandez
Alvaro Saborio,2015,Alvaro Saborio
Alvaro Saborio,2016,Alvaro Saborio
Alvas Powell,2015,Alvas Powell
Alvas Powell,2016,Alvas Powell
Alvas Powell,2017,Alvas Powell
Alvas Powell,2018,Alvas Powell
Ali Ghazal,2017,Ali Ghazal
Ali Ghazal,2018,Ali Ghazal
Amadou Dia,2015,Amadou Dia
Amadou Dia,2016,Amadou Dia
Ambroise Oyongo,2015,Ambroise Bitolo Oyongo
Ambroise Oyongo,2016,Ambroise Oyongo
Ambroise Oyongo,2017,Ambroise Bitolo Oyongo
Amobi Okugo,2015,Amobi Okugo
Amobi Okugo,2016,Amobi Okugo
Amobi Okugo,2017,Amobi Okugo
Amro Tarek,2016,Amro Tarek
Amro Tarek,2018,Amro Tarek
Anatole Bertrand Abang,2015,Anatole Abang
Anatole Bertrand Abang,2016,Anatole Abang
Anderson Conceicao,2016,Anderson Conceicao
Andoni Iraola,2015,Andoni Iraola
Andoni Iraola,2016,Andoni Iraola
Andraz Struna,2017,Andraz Struna
Andre Blake,2015,Andre Blake
Andre Blake,2016,Andre Blake
Andre Blake,2017,Andre Blake
Andre Blake,2018,Andre Blake
Andre Horta,2018,Andre Horta
Andrea Pirlo,2015,Andrea Pirlo
Andrea Pirlo,2016,Andrea Pirlo
Andrea Pirlo,2017,Andrea Pirlo
Andreas Ivan,2018,Andreas Ivanschitz
Andreas Ivanschitz,2015,Andreas Ivanschitz
Andreas Ivanschitz,2016,Andreas Ivanschitz
Andres Flores,2018,Andres Flores
Andres Imperiale,2016,Andres Imperiale
Andres Imperiale,2017,Andres Imperiale
Andres Romero,2015,Andres Romero
Andres Romero,2017,Andres Romero
Andreu Fontas,2018,Andreu Fontas
Andrew Carleton,2017,Andrew Carleton
Andrew Carleton,2018,Andrew Carleton
Andrew Dykstra,2015,Andrew Dykstra
Andrew Dykstra,2016,Andrew Dykstra
Andrew Dykstra,2017,Andrew Dykstra
Andrew Farrell,2015,Andrew Farrell
Andrew Farrell,2016,Andrew Farrell
Andrew Farrell,2017,Andrew Farrell
Andrew Farrell,2018,Andrew Farrell
Andrew Jacobson,2015,Andrew Jacobson
Andrew Jacobson,2016,Andrew Jacobson
Andrew Jacobson,2017,Andrew Jacobson
Andrew Putna,2018,Andrew Putna
Andrew Tarbell,2016,Andrew Tarbell
Andrew Tarbell,2017,Andrew Tarbell
Andrew Tarbell,2018,Andrew Tarbell
Andrew Weber,2015,Andrew Weber
Andrew Wenger,2015,Andrew Wenger
Andrew Wenger,2016,Andrew Wenger
Andrew Wenger,2017,Andrew Wenger
Andrew Wenger,2018,Andrew Wenger
Andrew Wheeler-Omiunu,2018,Andrew Wheeler-Omiunu
Andy Craven,2015,Andy Craven
Andy Dorman,2015,Andy Dorman
Andy Polo,2018,Andy Polo
Andy Rose,2015,Andy Rose
Angelino,2015,Angelino
Angelo Rodriguez,2018,Angelo Rodriguez
Anibal Godoy,2015,Anibal Godoy
Anibal Godoy,2016,Anibal Godoy
Anibal Godoy,2017,Anibal Godoy
Anibal Godoy,2018,Anibal Godoy
Anthony Blondell,2018,Anthony Blondell
Anthony Fontana,2018,Anthony Fontana
Anthony Jackson-Hamel,2015,Anthony Jackson-Hamel
Anthony Jackson-Hamel,2016,Anthony Jackson-Hamel
Anthony Jackson-Hamel,2017,Anthony Jackson-Hamel
Anthony Jackson-Hamel,2018,Anthony Jackson-Hamel
Anthony Wallace,2015,Anthony Wallace
Anton Nedyalkov,2018,Anton Nedyalkov
Anton Tinnerholm,2018,Anton Tinnerholm
Anton Walkes,2017,Anton Walkes
Antonio Mlinar Delamea,2017,Antonio Mlinar Delamea
Antonio Mlinar Delamea,2018,Antonio Mlinar Delamea
Antonio Nocerino,2016,Antonio Nocerino
Antonio Nocerino,2017,Antonio Nocerino
Ariel Lassiter,2015,Ariel Lassiter
Ariel Lassiter,2016,Ariel Lassiter
Ariel Lassiter,2017,Ariel Lassiter
Ariel Lassiter,2018,Ariel Lassiter
Armando Cooper,2016,Armando Cooper
Armando Cooper,2017,Armando Cooper
Artur,2017,Artur de Lima
Artur,2018,Artur de Lima
Arturo Alvarez,2016,Arturo Alvarez
Arturo Alvarez,2017,Arturo Alvarez
Arturo Alvarez,2018,Arturo Alvarez
Ashley Cole,2016,Ashley Cole
Ashley Cole,2017,Ashley Cole
Ashley Cole,2018,Ashley Cole
Ashtone Morgan,2015,Ashtone Morgan
Ashtone Morgan,2016,Ashtone Morgan
Ashtone Morgan,2017,Ashtone Morgan
Ashtone Morgan,2018,Ashtone Morgan
Atiba Harris,2015,Atiba Harris
Atiba Harris,2016,Atiba Harris
Atiba Harris,2017,Atiba Harris
Aubrey David,2016,Aubrey David
Aurelien Collin,2015,Aurelien Collin
Aurelien Collin,2016,Aurelien Collin
Aurelien Collin,2017,Aurelien Collin
Aurelien Collin,2018,Aurelien Collin
Auro,2018,Auro
Auston Trusty,2018,Auston Trusty
Axel Sjoberg,2015,Axel Sjoberg
Axel Sjoberg,2016,Axel Sjoberg
Axel Sjoberg,2017,Axel Sjoberg
Axel Sjoberg,2018,Axel Sjoberg
Ayo Akinola,2018,Ayo Akinola
Bacary Sagna,2018,Bacary Sagna
Baggio Husidic,2015,Baggio Husidic
Baggio Husidic,2016,Baggio Husidic
Baggio Husidic,2017,Baggio Husidic
Baggio Husidic,2018,Baggio Husidic
Bakary Soumare,2015,Bakary Soumare
Ballou Jean-Yves Tabla,2017,Ballou Jean-Yves Tabla
Bashkim Kadrii,2017,Bashkim Kadrii
Bastian Schweinsteiger,2017,Bastian Schweinsteiger
Bastian Schweinsteiger,2018,Bastian Schweinsteiger
Ben McKendry,2017,Ben McKendry
Ben Newnam,2015,Ben Newnam
Ben Speas,2015,Ben Speas
Ben Spencer,2017,Ben Spencer
Ben Spencer,2018,Ben Spencer
Ben Swanson,2016,Ben Swanson
Ben Sweat,2017,Ben Sweat
Ben Sweat,2018,Ben Sweat
Ben Zemanski,2016,Ben Zemanski
Ben Zemanski,2017,Ben Zemanski
Benjamin Angoua,2017,Benjamin Angoua
Benjamin Mines,2018,Ben Mines
Benny Feilhaber,2015,Benny Feilhaber
Benny Feilhaber,2016,Benny Feilhaber
Benny Feilhaber,2017,Benny Feilhaber
Benny Feilhaber,2018,Benny Feilhaber
Benoit Cheyrou,2015,Benoit Cheyrou
Benoit Cheyrou,2016,Benoit Cheyrou
Benoit Cheyrou,2017,Benoit Cheyrou
Bernardo Anor,2015,Bernardo Anor
Bernie Ibini-Isei,2017,Bernie Ibini
Bernie Ibini-Isei,2018,Bernie Ibini
Bill Hamid,2015,Bill Hamid
Bill Hamid,2016,Bill Hamid
Bill Hamid,2017,Bill Hamid
Bill Hamid,2018,Bill Hamid
Bill Poni Tuiloma,2018,Bill Tuiloma
Bismark Boateng,2017,Bismark Adjei-Boateng
Bismark Boateng,2018,Bismark Adjei-Boateng
Blas Perez,2015,Blas Perez
Blas Perez,2016,Blas Perez
Blerim Dzemaili,2017,Blerim Dzemaili
Bobby Boswell,2015,Bobby Boswell
Bobby Boswell,2016,Bobby Boswell
Bobby Boswell,2017,Bobby Boswell
Bobby Burling,2015,Bobby Burling
Bobby Burling,2016,Bobby Burling
Bobby Burling,2017,Bobby Burling
Bobby Shuttleworth,2015,Robert Shuttleworth
Bobby Shuttleworth,2016,Robert Shuttleworth
Bobby Shuttleworth,2017,Bobby Shuttleworth
Bobby Shuttleworth,2018,Bobby Shuttleworth
Borek Dockal,2018,Borek Dockal
Boyd Okwuonu,2015,Boyd Okwuonu
Boyd Okwuonu,2016,Boyd Okwuonu
Brad Davis,2015,Brad Davis
Brad Davis,2016,Brad Davis
Brad Evans,2015,Brad Evans
Brad Evans,2016,Brad Evans
Brad Evans,2017,Brad Evans
Brad Guzan,2017,Brad Guzan
Brad Guzan,2018,Brad Guzan
Brad Knighton,2015,Brad Knighton
Brad Knighton,2016,Brad Knighton
Brad Knighton,2017,Brad Knighton
Brad Knighton,2018,Brad Knighton
Brad Smith,2018,Brad Smith
Brad Stuver,2016,Brad Stuver
Brad Stuver,2018,Brad Stuver
Bradford Jamieson,2015,Bradford Jamieson
Bradford Jamieson,2016,Bradford Jamieson
Bradford Jamieson,2017,Bradford Jamieson
Bradford Jamieson,2018,Bradford Jamieson
Bradley Diallo,2017,Bradley Diallo
Bradley Wright-Phillips,2015,Bradley Wright-Phillips
Bradley Wright-Phillips,2016,Bradley Wright-Phillips
Bradley Wright-Phillips,2017,Bradley Wright-Phillips
Bradley Wright-Phillips,2018,Bradley Wright-Phillips
Brandon Allen,2016,Brandon Allen
Brandon Allen,2017,Brandon Allen
Brandon Bye,2018,Brandon Bye
Brandon Vazquez,2017,Brandon Vazquez
Brandon Vazquez,2018,Brandon Vazquez
Brandon Vincent,2016,Brandon Vincent
Brandon Vincent,2017,Brandon Vincent
Brandon Vincent,2018,Brandon Vincent
Brandt Bronico,2017,Brandt Bronico
Brandt Bronico,2018,Brandt Bronico
Brek Shea,2015,Brek Shea
Brek Shea,2016,Brek Shea
Brek Shea,2017,Brek Shea
Brek Shea,2018,Brek Shea
Brent Kallman,2017,Brent Kallman
Brent Kallman,2018,Brent Kallman
Brett Levis,2016,Brett Levis
Brett Levis,2018,Brett Levis
Brian Carroll,2015,Brian Carroll
Brian Carroll,2016,Brian Carroll
Brian Carroll,2017,Brian Carroll
Brian Rowe,2015,Brian Rowe
Brian Rowe,2016,Brian Rowe
Brian Rowe,2017,Brian Rowe
Brian Rowe,2018,Brian Rowe
Brian Sylvestre,2015,Brian Sylvestre
Brian White,2018,Brian White
Brian Wright,2017,Brian Wright
Brian Wright,2018,Brian Wright
Bright Dike,2015,Bright Dike
Brooks Lennon,2017,Brooks Lennon
Brooks Lennon,2018,Brooks Lennon
Bruno Miranda,2017,Bruno Miranda
Bruno Miranda,2018,Bruno Miranda
Bryan Meredith,2018,Bryan Meredith
Bryan Rochez,2015,Bryan Rochez
C.J. Sapong,2015,CJ Sapong
C.J. Sapong,2016,CJ Sapong
C.J. Sapong,2017,CJ Sapong
C.J. Sapong,2018,CJ Sapong
Caleb Calvert,2016,Caleb Calvert
Caleb Calvert,2017,Caleb Calvert
Caleb Calvert,2018,Caleb Calvert
Calum Mallace,2015,Calum Mallace
Calum Mallace,2016,Calum Mallace
Calum Mallace,2017,Calum Mallace
Calum Mallace,2018,Calum Mallace
Cameron Lindley,2018,Cam Lindley
Cameron Porter,2015,Cameron Porter
Cameron Porter,2016,Cameron Porter
Cameron Porter,2017,Cameron Porter
Carlos Alvarez,2015,Carlos Alvarez
Carlos Ascues,2018,Carlos Ascues
Carlos Carmona,2017,Carlos Carmona
Carlos Cermeno,2017,Carlos Cermeno
Carlos Gruezo,2016,Carlos Gruezo
Carlos Gruezo,2017,Carlos Gruezo
Carlos Gruezo,2018,Carlos Gruezo
Carlos Lizarazo,2016,Carlos Lizarazo
Carlos Rivas,2015,Carlos Rivas
Carlos Rivas,2016,Carlos Rivas
Carlos Rivas,2017,Carlos Rivas
Carlos Rivas,2018,Carlos Rivas
Carlos Vela,2018,Carlos Vela
Carter Manley,2018,Carter Manley
Cedric Hountondji,2018,Cedric Hountondji
Cedrick,2015,Cedrick Mabwati
Cedrick,2016,Cedrick Mabwati
Chad Barrett,2015,Chad Barrett
Chad Barrett,2016,Chad Barrett
Chad Barrett,2017,Chad Barrett
Chad Barson,2015,Chad Barson
Chad Barson,2016,Chad Barson
Chad Marshall,2015,Chad Marshall
Chad Marshall,2016,Chad Marshall
Chad Marshall,2017,Chad Marshall
Chad Marshall,2018,Chad Marshall
Chance Myers,2015,Chance Myers
Chance Myers,2016,Chance Myers
Chance Myers,2017,Chance Myers
Chandler Hoffman,2015,Chandler Hoffman
Charles Eloundou,2015,Charles Eloundou
Charlie Davies,2015,Charlie Davies
Charlie Davies,2016,Charlie Davies
Charlie Davies,2017,Charlie Davies
Charlie Ward,2017,Charlie Ward
Chinedum Onuoha,2018,Chinedum Onuoha
Chris Duvall,2015,Chris Duvall
Chris Duvall,2016,Chris Duvall
Chris Duvall,2017,Chris Duvall
Chris Duvall,2018,Chris Duvall
Chris Klute,2015,Chris Klute
Chris Klute,2016,Chris Klute
Chris Konopka,2015,Chris Konopka
Chris Korb,2015,Chris Korb
Chris Korb,2017,Chris Korb
Chris Mavinga,2017,Chris Mavinga
Chris Mavinga,2018,Chris Mavinga
Chris McCann,2017,Chris McCann
Chris McCann,2018,Chris McCann
Chris Mueller,2018,Chris Mueller
Chris Odoi-Atsem,2017,Chris Odoi-Atsem
Chris Odoi-Atsem,2018,Chris Odoi-Atsem
Chris Pontius,2015,Chris Pontius
Chris Pontius,2016,Chris Pontius
Chris Pontius,2017,Chris Pontius
Chris Pontius,2018,Chris Pontius
Chris Ritter,2015,Chris Ritter
Chris Rolfe,2015,Chris Rolfe
Chris Rolfe,2016,Chris Rolfe
Chris Schuler,2015,Chris Schuler
Chris Schuler,2016,Chris Schuler
Chris Schuler,2017,Chris Schuler
Chris Schuler,2018,Chris Schuler
Chris Seitz,2015,Chris Seitz
Chris Seitz,2016,Chris Seitz
Chris Seitz,2017,Chris Seitz
Chris Seitz,2018,Chris Seitz
Chris Tierney,2015,Chris Tierney
Chris Tierney,2016,Chris Tierney
Chris Tierney,2017,Chris Tierney
Chris Tierney,2018,Chris Tierney
Chris Wingert,2015,Chris Wingert
Chris Wingert,2016,Chris Wingert
Chris Wingert,2017,Chris Wingert
Chris Wondolowski,2015,Chris Wondolowski
Chris Wondolowski,2016,Chris Wondolowski
Chris Wondolowski,2017,Chris Wondolowski
Chris Wondolowski,2018,Chris Wondolowski
Christian Bolanos,2016,Christian Bolanos
Christian Bolanos,2017,Christian Bolanos
Christian Dean,2015,Christian Dean
Christian Dean,2017,Christian Dean
Christian Dean,2018,Christian Dean
Christian Ramirez,2017,Christian Ramirez
Christian Ramirez,2018,Christian Ramirez
Christopher Durkin,2018,Chris Durkin
Christopher Wehan,2018,Chris Wehan
Clarence Goodson,2015,Clarence Goodson
Clarence Goodson,2016,Clarence Goodson
Claude Dielna,2017,Claude Dielna
Claude Dielna,2018,Claude Dielna
Clement Diop,2016,Clement Diop
Clement Diop,2017,Clement Diop
Clement Simonin,2015,Clement Simonin
Clint Dempsey,2015,Clint Dempsey
Clint Dempsey,2016,Clint Dempsey
Clint Dempsey,2017,Clint Dempsey
Clint Dempsey,2018,Clint Dempsey
Clint Irwin,2015,Clint Irwin
Clint Irwin,2016,Clint Irwin
Clint Irwin,2017,Clint Irwin
Clint Irwin,2018,Clint Irwin
Cody Cropper,2016,Cody Cropper
Cody Cropper,2017,Cody Cropper
Cole Bassett,2018,Cole Bassett
Cole Seiler,2016,Cole Seiler
Colin Bonner,2016,Colin Bonner
Collen Warner,2015,Collen Warner
Collen Warner,2016,Collen Warner
Collen Warner,2017,Collen Warner
Collen Warner,2018,Collen Warner
Collin Fernandez,2015,Collin Fernandez
Collin Fernandez,2016,Collin Fernandez
Collin Martin,2016,Collin Martin
Collin Martin,2017,Collin Martin
Collin Martin,2018,Collin Martin
Connor Brandt,2015,Connor Brandt
Connor Hallisey,2015,Connor Hallisey
Connor Hallisey,2016,Connor Hallisey
Connor Lade,2015,Connor Lade
Connor Lade,2016,Connor Lade
Connor Lade,2017,Connor Lade
Connor Lade,2018,Connor Lade
Connor Maloney,2017,Connor Maloney
Connor Maloney,2018,Connor Maloney
Conor Casey,2015,Conor Casey
Conor Casey,2016,Conor Casey
Conor Donovan,2015,Conor Donovan
Conor Doyle,2015,Conor Doyle
Conor Doyle,2016,Conor Doyle
Cordell Cato,2015,Cordell Cato
Cordell Cato,2016,Cordell Cato
Cordell Cato,2017,Cordell Cato
Corey Ashe,2015,Corey Ashe
Corey Ashe,2016,Corey Ashe
Corey Baird,2018,Corey Baird
Cory Burke,2018,Cory Burke
Coy Craft,2015,Coy Craft
Coy Craft,2016,Coy Craft
Coy Craft,2017,Coy Craft
Cristhian Machado,2018,Cristhian Machado
Cristhian Paredes,2018,Cristhian Paredes
Cristian Casseres Jr,2018,Cristian Casseres
Cristian Colman,2017,Cristian Colman
Cristian Colman,2018,Cristian Colman
Cristian Higuita,2015,Cristian Higuita
Cristian Higuita,2016,Cristian Higuita
Cristian Higuita,2017,Cristian Higuita
Cristian Higuita,2018,Cristian Higuita
Cristian Lobato,2017,Cristian Lobato
Cristian Lobato,2018,Cristian Lobato
Cristian Maidana,2015,Cristian Maidana
Cristian Maidana,2016,Cristian Maidana
Cristian Martinez,2016,Cristian Martinez
Cristian Martinez,2017,Cristian Martinez
Cristian Martinez,2018,Cristian Martinez
Cristian Penilla,2018,Cristian Penilla
Cristian Roldan,2015,Cristian Roldan
Cristian Roldan,2016,Cristian Roldan
Cristian Roldan,2017,Cristian Roldan
Cristian Roldan,2018,Cristian Roldan
Cristian Techera,2015,Cristian Techera
Cristian Techera,2016,Cristian Techera
Cristian Techera,2017,Cristian Techera
Cristian Techera,2018,Cristian Techera
Cyle Larin,2015,Cyle Larin
Cyle Larin,2016,Cyle Larin
Cyle Larin,2017,Cyle Larin
Daigo Kobayashi,2015,Daigo Kobayashi
Daigo Kobayashi,2016,Daigo Kobayashi
Daigo Kobayashi,2017,Daigo Kobayashi
Dairon Asprilla,2015,Dairon Asprilla
Dairon Asprilla,2016,Dairon Asprilla
Dairon Asprilla,2017,Dairon Asprilla
Dairon Asprilla,2018,Dairon Asprilla
DaMarcus Beasley,2015,DaMarcus Beasley
DaMarcus Beasley,2016,DaMarcus Beasley
DaMarcus Beasley,2017,DaMarcus Beasley
DaMarcus Beasley,2018,DaMarcus Beasley
Damien Perquis,2015,Damien Perquis
Damien Perquis,2016,Damien Perquis
Damien Perrinelle,2015,Damien Perrinelle
Damien Perrinelle,2016,Damien Perrinelle
Damien Perrinelle,2017,Damien Perrinelle
Damir Kreilach,2018,Damir Kreilach
Dan Gargan,2015,Dan Gargan
Dan Kennedy,2015,Dan Kennedy
Dan Kennedy,2016,Dan Kennedy
Dane Kelly,2018,Dane Kelly
Dane Richards,2015,Dane Richards
Daneil Cyrus,2015,Daneil Cyrus
Daniel Johnson,2017,Daniel Johnson
Daniel Johnson,2018,Daniel Johnson
Daniel Lovitz,2015,Daniel Lovitz
Daniel Lovitz,2016,Daniel Lovitz
Daniel Lovitz,2017,Daniel Lovitz
Daniel Lovitz,2018,Daniel Lovitz
Daniel Royer,2016,Daniel Royer
Daniel Royer,2017,Daniel Royer
Daniel Royer,2018,Daniel Royer
Daniel Salloi,2017,Daniel Salloi
Daniel Salloi,2018,Daniel Salloi
Daniel Steres,2016,Daniel Steres
Daniel Steres,2017,Daniel Steres
Daniel Steres,2018,Daniel Steres
Danilo Acosta,2017,Danilo Acosta
Danilo Acosta,2018,Danilo Acosta
Danilo Silva,2018,Danilo Silva
Danny Hoesen,2017,Danny Hoesen
Danny Hoesen,2018,Danny Hoesen
Danny Mwanga,2015,Danny Mwanga
Danny Wilson,2018,Daniel Wilson
Darlington Nagbe,2015,Darlington Nagbe
Darlington Nagbe,2016,Darlington Nagbe
Darlington Nagbe,2017,Darlington Nagbe
Darlington Nagbe,2018,Darlington Nagbe
Darren Mattocks,2015,Darren Mattocks
Darren Mattocks,2016,Darren Mattocks
Darren Mattocks,2017,Darren Mattocks
Darren Mattocks,2018,Darren Mattocks
Darrius Barnes,2015,Darrius Barnes
Darrius Barnes,2016,Darrius Barnes
Darwin Ceren,2015,Darwin Ceren
Darwin Ceren,2016,Darwin Ceren
Darwin Ceren,2017,Darwin Ceren
Darwin Ceren,2018,Darwin Ceren
Darwin Jones,2015,Darwin Jones
Darwin Jones,2016,Darwin Jones
Darwin Quintero,2018,Darwin Quintero
Dave Romney,2015,David Romney
Dave Romney,2016,David Romney
Dave Romney,2017,David Romney
Dave Romney,2018,Dave Romney
David Accam,2015,David Accam
David Accam,2016,David Accam
David Accam,2017,David Accam
David Accam,2018,David Accam
David Arshakyan,2016,David Arshakyan
David Arshakyan,2017,David Arshakyan
David Bingham,2015,David Bingham
David Bingham,2016,David Bingham
David Bingham,2017,David Bingham
David Bingham,2018,David Bingham
David Choiniere,2016,David Choiniere
David Choiniere,2017,David Choiniere
David Choiniere,2018,David Choiniere
David Edgar,2016,David Edgar
David Guzman,2017,David Guzman
David Guzman,2018,David Guzman
David Horst,2015,David Horst
David Horst,2016,David Horst
David Horst,2017,David Horst
David Horst,2018,David Horst
David Mateos,2015,David Mateos
David Mateos,2016,David Mateos
David Ousted,2015,David Ousted
David Ousted,2016,David Ousted
David Ousted,2017,David Ousted
David Ousted,2018,David Ousted
David Rocha,2016,David Mateos Rocha
David Texeira,2015,David Texeira
David Villa,2015,David Villa
David Villa,2016,David Villa
David Villa,2017,David Villa
David Villa,2018,David Villa
Davy Arnaud,2015,Davy Arnaud
Dax McCarty,2015,Dax McCarty
Dax McCarty,2016,Dax McCarty
Dax McCarty,2017,Dax McCarty
Dax McCarty,2018,Dax McCarty
Deian Boldor,2017,Deian Boldor
Dejan Jakovic,2018,Dejan Jakovic
Deklan Wynne,2018,Deklan Wynne
Demar Phillips,2015,Demar Phillips
Demar Phillips,2016,Demar Phillips
Demar Phillips,2017,Demar Phillips
Demar Phillips,2018,Demar Phillips
Dennis Castillo,2016,Dennis Castillo
Dennis Castillo,2017,Dennis Castillo
Derrick Etienne,2016,Derrick Etienne
Derrick Etienne,2017,Derrick Etienne
Derrick Etienne,2018,Derrick Etienne
Derrick Jones,2017,Derrick Jones
Derrick Jones,2018,Derrick Jones
Deshorn Brown,2015,Deshorn Brown
Deshorn Brown,2017,Deshorn Brown
Devon Sandoval,2015,Devon Sandoval
Devon Sandoval,2016,Devon Sandoval
Deybi Flores,2015,Deybi Flores
Deybi Flores,2016,Deybi Flores
Didier Drogba,2015,Didier Drogba
Didier Drogba,2016,Didier Drogba
Diego Campos,2018,Diego Campos
Diego Chara,2015,Diego Chara
Diego Chara,2016,Diego Chara
Diego Chara,2017,Diego Chara
Diego Chara,2018,Diego Chara
Diego Fagundez,2015,Diego Fagundez
Diego Fagundez,2016,Diego Fagundez
Diego Fagundez,2017,Diego Fagundez
Diego Fagundez,2018,Diego Fagundez
Diego Martinez,2016,Diego Martinez
Diego Rodriguez,2015,Diego Rodriguez
Diego Rossi,2018,Diego Rossi
Diego Rubio,2016,Diego Rubio Kostner
Diego Rubio,2017,Diego Rubio Kostner
Diego Rubio,2018,Diego Rubio Kostner
Diego Valeri,2015,Diego Valeri
Diego Valeri,2016,Diego Valeri
Diego Valeri,2017,Diego Valeri
Diego Valeri,2018,Diego Valeri
Dillon Powers,2015,Dillon Powers
Dillon Powers,2016,Dillon Powers
Dillon Powers,2017,Dillon Powers
Dillon Powers,2018,Dillon Powers
Dillon Serna,2015,Dillon Serna
Dillon Serna,2016,Dillon Serna
Dillon Serna,2017,Dillon Serna
Dillon Serna,2018,Dillon Serna
Dilly Duka,2015,Dilly Duka
Dilly Duka,2016,Dilly Duka
Dilly Duka,2017,Dilly Duka
Djordje Mihailovic,2017,Djordje Mihailovic
Djordje Mihailovic,2018,Djordje Mihailovic
Dominic Dwyer,2015,Dom Dwyer
Dominic Dwyer,2016,Dom Dwyer
Dominic Dwyer,2017,Dom Dwyer
Dominic Dwyer,2018,Dom Dwyer
Dominic Oduro,2015,Dominic Oduro
Dominic Oduro,2016,Dominic Oduro
Dominic Oduro,2017,Dominic Oduro
Dominic Oduro,2018,Dom Oduro
Dominique Badji,2015,Dominique Badji
Dominique Badji,2016,Dominique Badji
Dominique Badji,2017,Dominique Badji
Dominique Badji,2018,Dominique Badji
Donald Smith,2016,Donnie Smith
Donald Smith,2017,Donnie Smith
Doneil Henry,2018,Doneil Henry
Donny Toia,2015,Donny Toia
Donny Toia,2016,Donny Toia
Donny Toia,2017,Donny Toia
Donny Toia,2018,Donny Toia
Donovan Ricketts,2015,Donovan Ricketts
Drew Conner,2017,Drew Conner
Drew Conner,2018,Drew Conner
Drew Moor,2015,Drew Moor
Drew Moor,2016,Drew Moor
Drew Moor,2017,Drew Moor
Drew Moor,2018,Drew Moor
Dylan Remick,2015,Dylan Remick
Dylan Remick,2016,Dylan Remick
Dylan Remick,2017,Dylan Remick
Earl Edwards Jr.,2017,Earl Edwards
Earl Edwards Jr.,2018,Earl Edwards
Ebenezer Ofori,2018,Ebenezer Ofori
Edgar Castillo,2018,Edgar Castillo
Edson Buddle,2015,Edson Buddle
Eduard Atuesta,2018,Eduard Atuesta
Eduardo Sosa,2018,Eduardo Sosa
Edward Opoku,2018,Edward Opoku
Efrain Juarez,2018,Efrain Juarez
Eirik Johansen,2016,Eirik Johansen
Eirik Johansen,2017,Eirik Johansen
Elias Vasquez,2015,Elias Vasquez
Elliot Collier,2018,Elliot Collier
Eloi Amagat,2018,Eloi Amagat
Ema Twumasi,2018,Ema Twumasi
Emanuel Pogatetz,2015,Emanuel Pogatetz
Emil Larsen,2016,Emil Larsen
Emiliano Amor,2018,Emiliano Amor
Emmanuel Appiah,2016,Emmanuel Appiah
Emmanuel Boateng,2016,Emmanuel Boateng
Emmanuel Boateng,2017,Emmanuel Boateng
Emmanuel Boateng,2018,Emmanuel Boateng
Emrah Klimenta,2018,Emrah Klimenta
Enzo Martinez,2018,Enzo Martinez
Eric Alexander,2015,Eric Alexander
Eric Alexander,2016,Eric Alexander
Eric Alexander,2017,Eric Alexander
Eric Alexander,2018,Eric Alexander
Eric Avila,2015,Eric Avila
Eric Ayuk,2016,Eric Ayuk
Eric Ayuk Mbu,2015,Eric Ayuk
Eric Bird,2018,Eric Bird
Eric Calvillo,2018,Eric Calvillo
Eric Gehrig,2015,Eric Gehrig
Eric Gehrig,2016,Eric Gehrig
Eric Kronberg,2015,Eric Kronberg
Eric Kronberg,2016,Eric Kronberg
Eric Miller,2015,Eric Miller
Eric Miller,2016,Eric Miller
Eric Miller,2017,Eric Miller
Eric Miller,2018,Eric Miller
Eric Remedi,2018,Eric Remedi
Erick Torres,2015,Erick Torres
Erick Torres,2016,Erick Torres
Erick Torres,2017,Erick Torres
Erik Friberg,2015,Erik Friberg
Erik Friberg,2016,Erik Friberg
Erik Hurtado,2015,Erik Hurtado
Erik Hurtado,2016,Erik Hurtado
Erik Hurtado,2017,Erik Hurtado
Erik Hurtado,2018,Erik Hurtado
Erik Palmer-Brown,2015,Erik Palmer-Brown
Erik Palmer-Brown,2017,Erik Palmer-Brown
Eriq Zavaleta,2015,Eriq Zavaleta
Eriq Zavaleta,2016,Eriq Zavaleta
Eriq Zavaleta,2017,Eriq Zavaleta
Eriq Zavaleta,2018,Eriq Zavaleta
Ethan Finlay,2015,Ethan Finlay
Ethan Finlay,2016,Ethan Finlay
Ethan Finlay,2017,Ethan Finlay
Ethan Finlay,2018,Ethan Finlay
Ethan Kutler,2018,Ethan Kutler
Ethan White,2015,Ethan White
Ethan White,2016,Ethan White
Ethan White,2017,Ethan White
Ethen Sampson,2015,Ethen Sampson
Evan Bush,2015,Evan Bush
Evan Bush,2016,Evan Bush
Evan Bush,2017,Evan Bush
Evan Bush,2018,Evan Bush
Ever Alvarado,2016,Ever Alvarado
Ezequiel Barco,2018,Ezequiel Barco
Ezequiel Cirigliano,2015,Ezequiel Cirigliano
Fabian Castillo,2015,Fabian Castillo
Fabian Castillo,2016,Fabian Castillo
Fabian Espindola,2015,Fabian Espindola
Fabian Espindola,2016,Fabian Espindola
Fabian Herbers,2016,Fabian Herbers
Fabian Herbers,2017,Fabian Herbers
Fabian Herbers,2018,Fabian Herbers
Fabinho,2015,Fabinho
Fabinho,2016,Fabinho
Fabinho,2017,Fabinho
Fabinho,2018,Fabinho
Fabrice-Jean Picault,2017,Fabrice Picault
Fabrice-Jean Picault,2018,Fabrice Picault
Facundo Coria,2015,Facundo Coria
Fanendo Adi,2015,Fanendo Adi
Fanendo Adi,2016,Fanendo Adi
Fanendo Adi,2017,Fanendo Adi
Fanendo Adi,2018,Fanendo Adi
Fatai Alashe,2015,Fatai Alashe
Fatai Alashe,2016,Fatai Alashe
Fatai Alashe,2017,Fatai Alashe
Fatai Alashe,2018,Fatai Alashe
Federico Bravo,2016,Federico Bravo
Federico Higuain,2015,Federico Higuain
Federico Higuain,2016,Federico Higuain
Federico Higuain,2017,Federico Higuain
Federico Higuain,2018,Federico Higuain
Felipe Martins,2015,Felipe Martins
Felipe Martins,2016,Felipe Martins
Felipe Martins,2017,Felipe Martins
Felipe Martins,2018,Felipe Martins
Felipe Gutierrez,2018,Felipe Gutierrez
Femi Hollinger-Janzen,2016,Femi Hollinger-Janzen
Femi Hollinger-Janzen,2017,Femi Hollinger-Janzen
Fernando Aristeguieta,2015,Fernando Aristeguieta
Fernando Bob,2018,Fernando Bob
Fidel Escobar,2017,Fidel Escobar
Fidel Escobar,2018,Fidel Escobar
Florian Jungwirth,2017,Florian Jungwirth
Florian Jungwirth,2018,Florian Jungwirth
Florian Valot,2018,Florian Valot
Francisco Calvo,2017,Francisco Calvo
Francisco Calvo,2018,Francisco Calvo
Franco Escobar,2018,Franco Escobar
Francois Affolter,2017,Francois Affolter
Francois Affolter,2018,Francois Affolter
Frank Lampard,2015,Frank Lampard
Frank Lampard,2016,Frank Lampard
Frantz Pangop,2018,Frantz Pangop
Fraser Aird,2016,Fraser Aird
Fred,2015,Fred Carreiro
Frederic Brillant,2016,Frederic Brillant
Frederic Brillant,2017,Frederic Brillant
Frederic Brillant,2018,Frederic Brillant
Fredrik Gulbrandsen,2017,Fredrik Gulbrandsen
Fredy Montero,2017,Fredy Montero
Gabriel Somi,2018,Gabriel Somi
Gabriel Torres,2015,Gabriel Torres
Gaston Fernandez,2015,Gaston Fernandez
Gaston Sauro,2015,Gaston Sauro
Gaston Sauro,2016,Gaston Sauro
Gaston Sauro,2018,Gaston Sauro
Gbenga Arokoyo,2016,Gbenga Arokoyo
George Bello,2018,George Bello
George Fochive,2015,George Fochive
Gershon Koffie,2015,Gershon Koffie
Gershon Koffie,2016,Gershon Koffie
Gershon Koffie,2017,Gershon Koffie
Gerso Fernandes,2017,Gerso Fernandes
Gerso Fernandes,2018,Gerso Fernandes
Getterson,2016,Getterson Alves Dos Santos
Gianluca Busio,2018,Gianluca Busio
Gideon Baah,2016,Gideon Baah
Gilbert Fuentes,2018,Gilbert Fuentes
Gilberto,2015,Gilberto Souza
Gilberto,2016,Gilberto Souza
Giles Barnes,2015,Giles Barnes
Giles Barnes,2016,Giles Barnes
Giles Barnes,2017,Giles Barnes
Giles Barnes,2018,Giles Barnes
Giliano Wijnaldum,2017,Giliano Wijnaldum
Giovani dos Santos,2015,Giovani dos Santos
Giovani dos Santos,2016,Giovani dos Santos
Giovani dos Santos,2017,Giovani dos Santos
Giovani dos Santos,2018,Giovani dos Santos
Gonzalo Pineda,2015,Gonzalo Pineda
Gonzalo Veron,2015,Gonzalo Veron
Gonzalo Veron,2016,Gonzalo Veron
Gonzalo Veron,2017,Gonzalo Veron
Graham Smith,2018,Graham Smith
Graham Zusi,2015,Graham Zusi
Graham Zusi,2016,Graham Zusi
Graham Zusi,2017,Graham Zusi
Graham Zusi,2018,Graham Zusi
Grant Lillard,2018,Grant Lillard
Greg Cochrane,2015,Greg Cochrane
Greg Garza,2017,Greg Garza
Greg Garza,2018,Greg Garza
Gregory van der Wiel,2018,Gregory Van Der Wiel
Guillermo Hauche,2018,Guillermo Hauche
Guly,2015,Guly
Guram Kashia,2018,Guram Kashia
Gustav Svensson,2017,Gustav Svensson
Gustav Svensson,2018,Gustav Svensson
Gyasi Zardes,2015,Gyasi Zardes
Gyasi Zardes,2016,Gyasi Zardes
Gyasi Zardes,2017,Gyasi Zardes
Gyasi Zardes,2018,Gyasi Zardes
Hadji Barry,2016,Hadji Barry
Hadji Barry,2017,Hadji Barry
Handwalla Bwana,2018,Handwalla Bwana
Haris Medunjanin,2017,Haris Medunjanin
Haris Medunjanin,2018,Haris Medunjanin
Harold Cummings,2018,Harold Cummings
Harold Hanson,2017,Harold Hanson
Harrison Afful,2015,Harrison Afful
Harrison Afful,2016,Harrison Afful
Harrison Afful,2017,Harrison Afful
Harrison Afful,2018,Harrison Afful
Harrison Heath,2015,Harrison Heath
Harrison Heath,2016,Harrison Heath
Harrison Heath,2017,Harrison Heath
Harrison Heath,2018,Harrison Heath
Harry Shipp,2015,Harry Shipp
Harry Shipp,2016,Harry Shipp
Harry Shipp,2017,Harry Shipp
Harry Shipp,2018,Harry Shipp
Hassan Ndam,2017,Hassan Ndam
Hassan Ndam,2018,Hassan Ndam
Hassoun Camara,2015,Hassoun Camara
Hassoun Camara,2016,Hassoun Camara
Hassoun Camara,2017,Hassoun Camara
Hector Jimenez,2015,Hector Jimenez
Hector Jimenez,2016,Hector Jimenez
Hector Jimenez,2017,Hector Jimenez
Hector Jimenez,2018,Hector Jimenez
Hector Villalba,2017,Hector Villalba
Hector Villalba,2018,Hector Villalba
Henok Goitom,2016,Henok Goitom
Henry Wingo,2017,Henry Wingo
Henry Wingo,2018,Henry Wingo
Herculez Gomez,2015,Herculez Gomez
Herculez Gomez,2016,Herculez Gomez
Hernan Bernardello,2016,Hernan Bernardello
Hernan Bernardello,2017,Hernan Bernardello
Hernan Grana,2015,Hassan Ndam
Hernan Grana,2017,Hernan Grana
Hugo Arellano,2017,Hugo Arellano
Ian Harkes,2017,Ian Harkes
Ian Harkes,2018,Ian Harkes
Ibson,2017,Ibson
Ibson,2018,Ibson
Ignacio Maganto,2015,Ignacio Maganto
Ignacio Piatti,2015,Ignacio Piatti
Ignacio Piatti,2016,Ignacio Piatti
Ignacio Piatti,2017,Ignacio Piatti
Ignacio Piatti,2018,Ignacio Piatti
Igor Juliao,2017,Igor Juliao
Ike Opara,2015,Ike Opara
Ike Opara,2016,Ike Opara
Ike Opara,2017,Ike Opara
Ike Opara,2018,Ike Opara
Ilie Sanchez,2017,Ilie Sanchez
Ilie Sanchez,2018,Ilie Sanchez
Ilsinho,2016,Ilsinho
Ilsinho,2017,Ilsinho
Ilsinho,2018,Ilsinho
Innocent,2015,Innocent Emeghara
Innocent,2016,Innocent Emeghara
Isaac Angking,2018,Isaac Angking
Ishmael Yartey,2015,Ishmael Yartey
Ismael Tajouri,2018,Ismael Tajouri
Ismaila Jome,2017,Ismaila Jome
J.J. Koval,2015,JJ Koval
Jack Barmby,2016,Jack Barmby
Jack Barmby,2017,Jack Barmby
Jack Elliott,2017,Jack Elliott
Jack Elliott,2018,Jack Elliott
Jack Harrison,2016,Jack Harrison
Jack Harrison,2017,Jack Harrison
Jack Jewsbury,2015,Jack Jewsbury
Jack Jewsbury,2016,Jack Jewsbury
Jack McBean,2016,Jack McBean
Jack McBean,2017,Jack McBean
Jack McBean,2018,Jack McBean
Jack McInerney,2015,Jack McInerney
Jack McInerney,2016,Jack McInerney
Jack McInerney,2017,Jack McInerney
Jack Price,2018,Jack Price
Jackson,2015,Jackson Goncalves
Jackson Yueill,2017,Jackson Yueill
Jackson Yueill,2018,Jackson Yueill
Jacob Peterson,2015,Jacob Peterson
Jacob Peterson,2016,Jacob Peterson
Jacob Peterson,2017,Jacob Peterson
Jacori Hayes,2017,Jacori Hayes
Jacori Hayes,2018,Jacori Hayes
Jahmir Hyka,2017,Jahmir Hyka
Jahmir Hyka,2018,Jahmir Hyka
Jaime Penedo,2015,Jaime Penedo
Jaime Villarreal,2017,Jaime Villarreal
Jairo Arrieta,2015,Jairo Arrieta
Jake Gleeson,2016,Jake Gleeson
Jake Gleeson,2017,Jake Gleeson
Jake Gleeson,2018,Jake Gleeson
Jakob Nerwinski,2017,Jakob Nerwinski
Jakob Nerwinski,2018,Jakob Nerwinski
Jalen Robinson,2016,Jalen Robinson
Jalen Robinson,2017,Jalen Robinson
Jalen Robinson,2018,Jalen Robinson
Jalil Anibaba,2015,Jalil Anibaba
Jalil Anibaba,2016,Jalil Anibaba
Jalil Anibaba,2017,Jalil Anibaba
Jalil Anibaba,2018,Jalil Anibaba
James Marcinkowski,2018,JT Marcinkowski
James Musa,2017,James Musa
James Riley,2015,James Riley
James Sands,2017,James Sands
James Sands,2018,James Sands
Jamison Olave,2015,Jamison Olave
Jamison Olave,2016,Jamison Olave
Jared Jeffrey,2015,Jared Jeffrey
Jared Jeffrey,2016,Jared Jeffrey
Jared Jeffrey,2017,Jared Jeffrey
Jared Jeffrey,2018,Jared Jeffrey
Jared Watts,2015,Jared Watts
Jared Watts,2016,Jared Watts
Jared Watts,2017,Jared Watts
Jared Watts,2018,Jared Watts
Jason Hernandez,2015,Jason Hernandez
Jason Hernandez,2016,Jason Hernandez
Jason Hernandez,2017,Jason Hernandez
Jason Hernandez,2018,Jason Hernandez
Jason Johnson,2015,Jason Johnson
Javier Calle,2015,Javier Calle
Javier Morales,2015,Javier Morales
Javier Morales,2016,Javier Morales
Javier Morales,2017,Javier Morales
Jay Chapman,2015,Jay Chapman
Jay Chapman,2016,Jay Chapman
Jay Chapman,2017,Jay Chapman
Jay Chapman,2018,Jay Chapman
Jay Simpson,2017,Jay Simpson
Jay Simpson,2018,Jay Simpson
Jaylin Lindsey,2018,Jaylin Lindsey
Je-Vaughn Watson,2015,Je-Vaughn Watson
Je-Vaughn Watson,2016,Je-Vaughn Watson
Je-Vaughn Watson,2017,Je-Vaughn Watson
Jean-Baptiste Pierazzi,2015,Jean Baptiste Pierazzi
Jeanderson,2015,Jeanderson Pereira
Jeb Brovsky,2015,Jeb Brovsky
Jeff Attinella,2015,Jeff Attinella
Jeff Attinella,2016,Jeff Attinella
Jeff Attinella,2017,Jeff Attinella
Jeff Attinella,2018,Jeff Attinella
Jeff Larentowicz,2015,Jeff Larentowicz
Jeff Larentowicz,2016,Jeff Larentowicz
Jeff Larentowicz,2017,Jeff Larentowicz
Jeff Larentowicz,2018,Jeff Larentowicz
Jefferson Mena,2015,Jefferson Mena
Jefferson Mena,2016,Jefferson Mena
Jefferson Savarino,2017,Jefferson Savarino
Jefferson Savarino,2018,Jefferson Savarino
Jeisson Vargas,2018,Jeisson Vargas
Jelle Van Damme,2016,Jelle Van Damme
Jelle Van Damme,2017,Jelle Van Damme
Jeremy Ebobisse,2017,Jeremy Ebobisse
Jeremy Ebobisse,2018,Jeremy Ebobisse
Jeremy Gagnon-Lapare,2015,Jeremy Gagnon-Lapare
Jeremy Hall,2015,Jeremy Hall
Jermaine Jones,2015,Jermaine Jones
Jermaine Jones,2016,Jermaine Jones
Jermaine Jones,2017,Jermaine Jones
Jermaine Taylor,2015,Jermaine Taylor
Jermaine Taylor,2016,Jermaine Taylor
Jermaine Taylor,2017,Jermaine Taylor
Jerome Thiesson,2017,Jerome Thiesson
Jerome Thiesson,2018,Jerome Thiesson
Jesse Gonzalez,2015,Jesse Gonzalez
Jesse Gonzalez,2016,Jesse Gonzalez
Jesse Gonzalez,2017,Jesse Gonzalez
Jesse Gonzalez,2018,Jesse Gonzalez
Jesus Ferreira,2017,Jesus Ferreira
Jesus Ferreira,2018,Jesus Ferreira
Jesus Medina,2018,Jesus Medina
Jimmy Maurer,2018,Jimmy Maurer
Jimmy McLaughlin,2015,James McLaughlin
Jimmy Medranda,2015,Jimmy Medranda
Jimmy Medranda,2016,Jimmy Medranda
Jimmy Medranda,2017,Jimmy Medranda
Jimmy Medranda,2018,Jimmy Medranda
Jimmy Ockford,2015,Jimmy Ockford
Jimmy Ockford,2018,Jimmy Ockford
Jo Inge Berget,2018,Jo Inge Berget
Joao Meira,2016,Joao Meira
Joao Meira,2017,Joao Meira
Joao Moutinho,2018,Joao Moutinho
Joao Pedro,2017,Joao Pedro
Joao Pedro,2018,Joao Pedro
Joao Plata,2015,Joao Plata
Joao Plata,2016,Joao Plata
Joao Plata,2017,Joao Plata
Joao Plata,2018,Joao Plata
Joe Bendik,2015,Joe Bendik
Joe Bendik,2016,Joe Bendik
Joe Bendik,2017,Joe Bendik
Joe Bendik,2018,Joe Bendik
Joe Mason,2018,Joe Mason
Joe Willis,2015,Joe Willis
Joe Willis,2016,Joe Willis
Joe Willis,2017,Joe Willis
Joe Willis,2018,Joe Willis
Joel Qwiberg,2018,Joel Qwiberg
Joevin Jones,2015,Joevin Jones
Joevin Jones,2016,Joevin Jones
Joevin Jones,2017,Joevin Jones
Joey Calistri,2016,Joey Calistri
Johan Blomberg,2018,Johan Blomberg
Johan Kappelhof,2016,Johan Kappelhof
Johan Kappelhof,2017,Johan Kappelhof
Johan Kappelhof,2018,Johan Kappelhof
Johan Venegas,2015,Johan Venegas
Johan Venegas,2016,Johan Venegas
Johan Venegas,2017,Johan Venegas
John Alvbage,2017,John Alvbage
John Goossens,2016,John Goossens
John Goossens,2017,John Goossens
John McCarthy,2015,John McCarthy
John McCarthy,2016,John McCarthy
John McCarthy,2017,John McCarthy
John McCarthy,2018,John McCarthy
John Stertzer,2015,John Stertzer
John Stertzer,2016,John Stertzer
John Stertzer,2017,John Stertzer
Johnny Russell,2018,Johnny Russell
Jon Bakero,2018,Jon Bakero
Jon Busch,2015,Jon Busch
Jon Kempin,2015,Jonathan Kempin
Jon Kempin,2017,Jonathan Kempin
Jon Kempin,2018,Jonathan Kempin
Jonathan Campbell,2016,Jonathan Campbell
Jonathan Campbell,2017,Jonathan Campbell
Jonathan Campbell,2018,Jonathan Campbell
Jonathan dos Santos,2017,Jonathan dos Santos
Jonathan dos Santos,2018,Jonathan dos Santos
Jonathan Lewis,2017,Jonathan Lewis
Jonathan Lewis,2018,Jonathan Lewis
Jonathan Mensah,2017,Jonathan Mensah
Jonathan Mensah,2018,Jonathan Mensah
Jonathan Osorio,2015,Jonathan Osorio
Jonathan Osorio,2016,Jonathan Osorio
Jonathan Osorio,2017,Jonathan Osorio
Jonathan Osorio,2018,Jonathan Osorio
Jonathan Spector,2017,Jonathan Spector
Jonathan Spector,2018,Jonathan Spector
Jordan Allen,2015,Jordan Allen
Jordan Allen,2016,Jordan Allen
Jordan Allen,2017,Jordan Allen
Jordan Hamilton,2015,Jordan Hamilton
Jordan Hamilton,2016,Jordan Hamilton
Jordan Hamilton,2017,Jordan Hamilton
Jordan Hamilton,2018,Jordan Hamilton
Jordan Harvey,2015,Jordan Harvey
Jordan Harvey,2016,Jordan Harvey
Jordan Harvey,2017,Jordan Harvey
Jordan Harvey,2018,Jordan Harvey
Jordan McCrary,2018,Jordan McCrary
Jordan Morris,2016,Jordan Morris
Jordan Morris,2017,Jordan Morris
Jordan Smith,2015,Jordan Smith
Jordan Smith,2016,Jordan Smith
Jordan Stewart,2015,Jordan Stewart
Jordan Stewart,2016,Jordan Stewart
Jordi Quintilla,2015,Jordi Quintilla
Jordi Quintilla,2016,Jordi Quintilla
Jordon Mutch,2018,Jordon Mutch
Jordy Delem,2017,Jordy Delem
Jordy Delem,2018,Jordy Delem
Jorge Bava,2017,Jorge Rodrigo Bava
Jorge Corrales,2018,Jorge Corrales
Jorge Villafana,2015,Jorge Villafana
Jorge Villafana,2018,Jorge Villafana
Jorgen Skjelvik,2018,Jorgen Skjelvik
Jose Aja,2016,Jose Aja
Jose Aja,2017,Jose Aja
Jose Aja,2018,Jose Aja
Jose Escalante,2016,Jose Escalante
Jose Escalante,2017,Jose Escalante
Jose Goncalves,2015,Jose Goncalves
Jose Goncalves,2016,Jose Goncalves
Jose Guillermo Ortiz,2017,Jose Guillermo Ortiz
Jose Hernandez,2017,Jose Hernandez
Jose Rafael Hernandez,2018,Jose Rafael Hernandez
Jose Leiton,2017,Jose Leiton
Jose Villarreal,2015,Jose Villarreal
Jose Villarreal,2016,Jose Villarreal
Jose Villarreal,2017,Jose Villarreal
Jose Villarreal,2018,Jose Villarreal
Josef Martinez,2017,Josef Martinez
Josef Martinez,2018,Josef Martinez
Joseph Greenspan,2015,Joseph Greenspan
Joseph Greenspan,2016,Joseph Greenspan
Joseph Greenspan,2017,Joseph Greenspan
Joseph Holland,2017,Joseph Holland
Joseph Mora,2018,Joseph Mora
Josh Ford,2015,Josh Ford
Josh Saunders,2015,Josh Saunders
Josh Saunders,2016,Josh Saunders
Josh Williams,2015,Josh Williams
Josh Williams,2016,Josh Williams
Josh Williams,2017,Josh Williams
Josh Williams,2018,Josh Williams
Joshua Gatt,2017,Joshua Gatt
Joshua Perez,2018,Joshua Perez
Joshua Smith,2017,Joshua Smith
Joshua Yaro,2016,Joshua Yaro
Joshua Yaro,2017,Joshua Yaro
Josue Colman,2018,Josue Colman
Jozy Altidore,2015,Jozy Altidore
Jozy Altidore,2016,Jozy Altidore
Jozy Altidore,2017,Jozy Altidore
Jozy Altidore,2018,Jozy Altidore
Juan Agudelo,2015,Juan Agudelo
Juan Agudelo,2016,Juan Agudelo
Juan Agudelo,2017,Juan Agudelo
Juan Agudelo,2018,Juan Agudelo
Juan Cabezas,2017,Juan Cabezas
Juan Cabezas,2018,Juan Cabezas
Juan Esteban Ortiz,2016,Juan Esteban Ortiz
Juan Manuel Martinez,2015,Juan Manuel Martinez
Juan Manuel Martinez,2016,Juan Manuel Martinez
Juan Ramirez,2015,Juan Ramirez
Jukka Raitala,2017,Jukka Raitala
Jukka Raitala,2018,Jukka Raitala
Julian Buescher,2016,Julian Buescher
Julian Buescher,2017,Julian Buescher
Julian Dunn-Johnson,2018,Julian Dunn
Julian Gressel,2017,Julian Gressel
Julian Gressel,2018,Julian Gressel
Julio Baptista,2016,Julio Baptista
Julio Cascante,2018,Julio Cascante
Juninho,2015,Juninho
Juninho,2017,Juninho
Junior Moreno,2018,Junior Moreno
Justen Glad,2015,Justen Glad
Justen Glad,2016,Justen Glad
Justen Glad,2017,Justen Glad
Justen Glad,2018,Justen Glad
Justin Bilyeu,2016,Justin Bilyeu
Justin Bilyeu,2017,Justin Bilyeu
Justin Davis,2017,Justin Davis
Justin Mapp,2015,Justin Mapp
Justin Mapp,2016,Justin Mapp
Justin Meram,2015,Justin Meram
Justin Meram,2016,Justin Meram
Justin Meram,2017,Justin Meram
Justin Meram,2018,Justin Meram
Justin Morrow,2015,Justin Morrow
Justin Morrow,2016,Justin Morrow
Justin Morrow,2017,Justin Morrow
Justin Morrow,2018,Justin Morrow
Justin Schmidt,2017,Justin Schmidt
Kaka,2015,Kaka
Kaka,2016,Kaka
Kaka,2017,Kaka
Karl Ouimette,2015,Karl Ouimette
Karl Ouimette,2016,Karl Ouimette
Keegan Rosenberry,2016,Keegan Rosenberry
Keegan Rosenberry,2017,Keegan Rosenberry
Keegan Rosenberry,2018,Keegan Rosenberry
Kei Kamara,2015,Kei Kamara
Kei Kamara,2016,Kei Kamara
Kei Kamara,2017,Kei Kamara
Kei Kamara,2018,Kei Kamara
Kekuta Manneh,2015,Kekuta Manneh
Kekuta Manneh,2016,Kekuta Manneh
Kekuta Manneh,2017,Kekuta Manneh
Kellyn Acosta,2015,Kellyn Acosta
Kellyn Acosta,2016,Kellyn Acosta
Kellyn Acosta,2017,Kellyn Acosta
Kellyn Acosta,2018,Kellyn Acosta
Kelvin Leerdam,2017,Kelvin Leerdam
Kelvin Leerdam,2018,Kelvin Leerdam
Kelyn Rowe,2015,Kelyn Rowe
Kelyn Rowe,2016,Kelyn Rowe
Kelyn Rowe,2017,Kelyn Rowe
Kelyn Rowe,2018,Kelyn Rowe
Kemar Lawrence,2015,Kemar Lawrence
Kemar Lawrence,2016,Kemar Lawrence
Kemar Lawrence,2017,Kemar Lawrence
Kemar Lawrence,2018,Kemar Lawrence
Ken Krolicki,2018,Ken Krolicki
Ken Tribbett,2016,Ken Tribbett
Ken Tribbett,2017,Ken Tribbett
Kendall Waston,2015,Kendall Waston
Kendall Waston,2016,Kendall Waston
Kendall Waston,2017,Kendall Waston
Kendall Waston,2018,Kendall Waston
Kennedy Igboananike,2015,Kennedy Igboananike
Kennedy Igboananike,2016,Kennedy Igboananike
Kenney Walker,2015,Kenney Walker
Kenny Cooper,2015,Kenny Cooper
Kenwyne Jones,2017,Kenwyne Jones
Kevan George,2015,Kevan George
Kevin Alston,2015,Kevin Alston
Kevin Alston,2016,Kevin Alston
Kevin Doyle,2015,Kevin Doyle
Kevin Doyle,2016,Kevin Doyle
Kevin Doyle,2017,Kevin Doyle
Kevin Ellis,2015,Kevin Ellis
Kevin Ellis,2016,Kevin Ellis
Kevin Ellis,2017,Kevin Ellis
Kevin Ellis,2018,Kevin Ellis
Kevin Garcia,2017,Kevin Garcia
Kevin Garcia,2018,Kevin Garcia
Kevin Kratz,2017,Kevin Kratz
Kevin Kratz,2018,Kevin Kratz
Kevin Molino,2015,Kevin Molino
Kevin Molino,2016,Kevin Molino
Kevin Molino,2017,Kevin Molino
Kevin Molino,2018,Kevin Molino
Kevin Oliveira,2017,Kevin Oliveira
Kevin Partida,2018,Kevin Partida
Kevin Venegas,2017,Kevin Venegas
Keyner Brown,2016,Keyner Brown
Khaly Thiam,2016,Khaly Thiam
Khari Stephenson,2015,Khari Stephenson
Kharlton Belmar,2017,Kharlton Belmar
Kharlton Belmar,2018,Kharlton Belmar
Khiry Shelton,2015,Khiry Shelton
Khiry Shelton,2016,Khiry Shelton
Khiry Shelton,2017,Khiry Shelton
Khiry Shelton,2018,Khiry Shelton
Kianz Froese,2015,Kianz Froese
Kianz Froese,2016,Kianz Froese
Kim Kee-Hee,2018,Kim Kee-Hee
Kip Colvey,2016,Kip Colvey
Kip Colvey,2018,Kip Colvey
Kofi Opare,2015,Kofi Opare
Kofi Opare,2016,Kofi Opare
Kofi Opare,2017,Kofi Opare
Kofi Opare,2018,Kofi Opare
Kofi Sarkodie,2015,Kofi Sarkodie
Kofi Sarkodie,2016,Kofi Sarkodie
Kofi Sarkodie,2017,Kofi Sarkodie
Kortne Ford,2017,Kortne Ford
Kortne Ford,2018,Kortne Ford
Kristinn Steindorsson,2015,Kristinn Steindorsson
Kristoffer Reaves,2018,Kris Reaves
Krisztian Nemeth,2015,Krisztian Nemeth
Krisztian Nemeth,2017,Krisztian Nemeth
Krisztian Nemeth,2018,Krisztian Nemeth
Kwadwo Poku,2015,Kwadwo Poku
Kwadwo Poku,2016,Kwadwo Poku
Kwame Awuah,2017,Kwame Awuah
Kwame Awuah,2018,Kwame Awuah
Kwame Watson-Siriboe,2015,Kwame Watson-Siriboe
Kyle Beckerman,2015,Kyle Beckerman
Kyle Beckerman,2016,Kyle Beckerman
Kyle Beckerman,2017,Kyle Beckerman
Kyle Beckerman,2018,Kyle Beckerman
Kyle Bekker,2015,Kyle Bekker
Kyle Bekker,2016,Kyle Bekker
Kyle Duncan,2018,Kyle Duncan
Kyle Fisher,2016,Kyle Fisher
Kyle Fisher,2017,Kyle Fisher
Kyle Greig,2017,Kyle Greig
Kyle Reynish,2017,Kyle Reynish
Lalas Abubakar,2017,Lalas Abubakar
Lalas Abubakar,2018,Lalas Abubakar
Lamar Neagle,2015,Lamar Neagle
Lamar Neagle,2016,Lamar Neagle
Lamar Neagle,2017,Lamar Neagle
Lamar Neagle,2018,Lamar Neagle
Lamine Sane,2018,Lamine Sane
Landon Donovan,2016,Landon Donovan
Larrys Mabiala,2017,Larrys Mabiala
Larrys Mabiala,2018,Larrys Mabiala
Latif Blessing,2017,Latif Blessing
Latif Blessing,2018,Latif Blessing
Laurent Ciman,2015,Laurent Ciman
Laurent Ciman,2016,Laurent Ciman
Laurent Ciman,2017,Laurent Ciman
Laurent Ciman,2018,Laurent Ciman
Lawrence Olum,2016,Lawrence Olum
Lawrence Olum,2017,Lawrence Olum
Lawrence Olum,2018,Lawrence Olum
Leandro Barrera,2015,Leandro Barrera
Leandro Gonzalez Pirez,2017,Leandro Gonzalez Pirez
Leandro Gonzalez Pirez,2018,Leandro Gonzalez Pirez
Lee Nguyen,2015,Lee Nguyen
Lee Nguyen,2016,Lee Nguyen
Lee Nguyen,2017,Lee Nguyen
Lee Nguyen,2018,Lee Nguyen
Leo Fernandes,2016,Leo Fernandes
Leo Pereira,2017,Leonardo Pereira
Leonardo,2015,Leonardo
Leonardo,2016,Leonardo
Leonardo,2017,Leonardo
Leonardo,2018,Leonardo
Leonardo Gonzalez,2015,Leonardo Gonzalez
Leonel Miranda,2015,Leonel Miranda
Leonel Miranda,2016,Leonel Miranda
Lewis Neal,2015,Lewis Neal
Liam Fraser,2018,Liam Fraser
Liam Ridgewell,2015,Liam Ridgewell
Liam Ridgewell,2016,Liam Ridgewell
Liam Ridgewell,2017,Liam Ridgewell
Liam Ridgewell,2018,Liam Ridgewell
Lloyd Sam,2015,Lloyd Sam
Lloyd Sam,2016,Lloyd Sam
Lloyd Sam,2017,Lloyd Sam
London Woodberry,2015,London Woodberry
London Woodberry,2016,London Woodberry
London Woodberry,2017,London Woodberry
Louis Beland-Goyette,2017,Louis Beland-Goyette
Louis Beland-Goyette,2018,Louis Beland-Goyette
Lovel Palmer,2015,Lovel Palmer
Lucas Janson,2018,Lucas Janson
Lucas Melano,2015,Lucas Melano
Lucas Melano,2016,Lucas Melano
Lucas Melano,2018,Lucas Melano
Lucas Ontivero,2016,Lucas Ontivero
Lucas Pittinari,2015,Lucas Pittinari
Luciano Acosta,2016,Luciano Acosta
Luciano Acosta,2017,Luciano Acosta
Luciano Acosta,2018,Luciano Acosta
Luis Argudo,2018,Luis Argudo
Luis Caicedo,2018,Luis Alberto Caicedo
Luis Felipe Fernandes,2018,Luis Felipe
Luis Garrido,2015,Luis Garrido
Luis Gil,2015,Luis Gil
Luis Gil,2017,Luis Gil
Luis Gil,2018,Luis Gil
Luis Gonzalez,2017,Luis Gonzalez
Luis Lopez,2018,Luis Lopez
Luis Marin,2015,Luis Marin
Luis Robles,2015,Luis Robles
Luis Robles,2016,Luis Robles
Luis Robles,2017,Luis Robles
Luis Robles,2018,Luis Robles
Luis Silva,2015,Luis Silva
Luis Silva,2017,Luis Silva
Luis Silva,2018,Luis Silva
Luis Solignac,2015,Luis Solignac
Luis Solignac,2016,Luis Solignac
Luis Solignac,2017,Luis Solignac
Luis Solignac,2018,Luis Solignac
Luke Boden,2015,Luke Boden
Luke Boden,2016,Luke Boden
Luke Mishu,2015,Luke Mishu
Luke Mishu,2016,Luke Mishu
Luke Moore,2015,Luke Moore
Luke Mulholland,2015,Luke Mulholland
Luke Mulholland,2016,Luke Mulholland
Luke Mulholland,2017,Luke Mulholland
Luke Mulholland,2018,Luke Mulholland
Mac Steeves,2018,Mac Steeves
Magnus Eriksson,2018,Magnus Eriksson
Magnus Wolff Eikrem,2018,Magnus Eikrem
Manolo Sanchez,2015,Manolo Sanchez
Marc Burch,2015,Marc Burch
Marc Burch,2016,Marc Burch
Marc Burch,2017,Marc Burch
Marc Burch,2018,Marc Burch
Marc Pelosi,2015,Marc Pelosi
Marc Rzatkowski,2018,Marc Rzatkowski
Marcel de Jong,2015,Marcel de Jong
Marcel de Jong,2016,Marcel de Jong
Marcel de Jong,2017,Marcel de Jong
Marcel de Jong,2018,Marcel de Jong
Marcelo Sarvas,2015,Marcelo Sarvas
Marcelo Sarvas,2016,Marcelo Sarvas
Marcelo Sarvas,2017,Marcelo Sarvas
Marcelo Silva,2017,Marcelo Silva
Marcelo Silva,2018,Marcelo Silva
Marco Bustos,2015,Marco Bustos
Marco Bustos,2016,Marco Bustos
Marco Delgado,2015,Marco Delgado
Marco Delgado,2016,Marco Delgado
Marco Delgado,2017,Marco Delgado
Marco Delgado,2018,Marco Delgado
Marco Donadel,2015,Marco Donadel
Marco Donadel,2016,Marco Donadel
Marco Donadel,2017,Marco Donadel
Marco Donadel,2018,Marco Donadel
Marco Farfan,2017,Marco Farfan
Marco Farfan,2018,Marco Farfan
Marco Pappa,2015,Marco Pappa
Marco Pappa,2016,Marco Pappa
Marco Urena,2017,Marco Urena
Marco Urena,2018,Marco Urena
Marcus Epps,2017,Marcus Epps
Marcus Epps,2018,Marcus Epps
Mariano Mino,2018,Mariano Mino
Marius Obekop,2015,Marius Obekop
Mark-Anthony Kaye,2018,Mark-Anthony Kaye
Mark Bloom,2016,Mark Bloom
Mark Bloom,2017,Mark Bloom
Mark McKenzie,2018,Mark McKenzie
Mark Segbers,2018,Mark Segbers
Mark Sherrod,2015,Mark Sherrod
Markus Halsti,2015,Markus Halsti
Marlon Hairston,2015,Marlon Hairston
Marlon Hairston,2016,Marlon Hairston
Marlon Hairston,2017,Marlon Hairston
Marlon Hairston,2018,Marlon Hairston
Marquinhos Pedroso,2018,Marquinhos Pedroso
Martin Paterson,2015,Martin Paterson
Marvell Wynne,2015,Marvell Wynne
Marvell Wynne,2016,Marvell Wynne
Masato Kudo,2016,Masato Kudo
Mason Toye,2018,Mason Toye
Matheus Silva,2016,Matheus Silva
Mathieu Choiniere,2018,Mathieu Choiniere
Matias Laba,2015,Matias Laba
Matias Laba,2016,Matias Laba
Matias Laba,2017,Matias Laba
Matias Perez Garcia,2015,Matias Perez Garcia
Matias Perez Garcia,2016,Matias Perez Garcia
Matias Perez Garcia,2017,Matias Perez Garcia
Matt Besler,2015,Matt Besler
Matt Besler,2016,Matt Besler
Matt Besler,2017,Matt Besler
Matt Besler,2018,Matt Besler
Matt Hedges,2015,Matt Hedges
Matt Hedges,2016,Matt Hedges
Matt Hedges,2017,Matt Hedges
Matt Hedges,2018,Matt Hedges
Matt Lampson,2016,Matt Lampson
Matt Lampson,2017,Matt Lampson
Matt Miazga,2015,Matt Miazga
Matt Polster,2015,Matt Polster
Matt Polster,2016,Matt Polster
Matt Polster,2017,Matt Polster
Matt Polster,2018,Matt Polster
Matt Turner,2018,Matt Turner
Matt Van Oekel,2017,Matt Van Oekel
Matt VanOekel,2017,Matt Van Oekel
Matt Watson,2015,Matt Watson
Matteo Mancosu,2016,Matteo Mancosu
Matteo Mancosu,2017,Matteo Mancosu
Matteo Mancosu,2018,Matteo Mancosu
Matthew Dunn,2015,Matthew Dunn
Matthew Jones,2016,Matt Jones
Matthew Lampson,2018,Matt Lampson
Matthew Real,2018,Matthew Real
Maurice Edu,2015,Maurice Edu
Mauro Diaz,2015,Mauro Diaz
Mauro Diaz,2016,Mauro Diaz
Mauro Diaz,2017,Mauro Diaz
Mauro Diaz,2018,Mauro Diaz
Mauro Manotas,2015,Mauro Manotas
Mauro Manotas,2016,Mauro Manotas
Mauro Manotas,2017,Mauro Manotas
Mauro Manotas,2018,Mauro Manotas
Mauro Rosales,2015,Mauro Rosales
Mauro Rosales,2016,Mauro Rosales
Mauro Rosales,2017,Mauro Rosales
Maxim Tissot,2015,Maxim Tissot
Maxim Tissot,2016,Maxim Tissot
Maxim Tissot,2017,Maxim Tissot
Maxime Chanot,2016,Maxime Chanot
Maxime Chanot,2017,Maxime Chanot
Maxime Chanot,2018,Maxime Chanot
Maxime Crepeau,2017,Maxime Crepeau
Maximiliano Moralez,2017,Maximiliano Moralez
Maximiliano Moralez,2018,Maximiliano Moralez
Maximiliano Urruti,2015,Maximiliano Urruti
Maximiliano Urruti,2016,Maximiliano Urruti
Maximiliano Urruti,2017,Maximiliano Urruti
Maximiliano Urruti,2018,Maximiliano Urruti
Maximiniano,2018,Maximiniano
Maxine Chanot,2016,Maxime Chanot
Maynor Figueroa,2015,Maynor Figueroa
Maynor Figueroa,2016,Maynor Figueroa
Maynor Figueroa,2017,Maynor Figueroa
Maynor Figueroa,2018,Maynor Figueroa
Mehdi Ballouchy,2015,Mehdi Ballouchy
Mehdi Ballouchy,2016,Mehdi Ballouchy
Mekeil Williams,2016,Mekeil Williams
Mekeil Williams,2017,Mekeil Williams
Memo Rodriguez,2017,Memo Rodriguez
Memo Rodriguez,2018,Memo Rodriguez
Michael Amir Murillo,2017,Michael Murillo
Michael Barrios,2015,Michael Barrios
Michael Barrios,2016,Michael Barrios
Michael Barrios,2017,Michael Barrios
Michael Barrios,2018,Michael Barrios
Michael Boxall,2017,Michael Boxall
Michael Boxall,2018,Michael Boxall
Michael Bradley,2015,Michael Bradley
Michael Bradley,2016,Michael Bradley
Michael Bradley,2017,Michael Bradley
Michael Bradley,2018,Michael Bradley
Michael Ciani,2017,Michael Ciani
Michael Ciani,2018,Michael Ciani
Michael de Leeuw,2016,Michael de Leeuw
Michael de Leeuw,2017,Michael de Leeuw
Michael de Leeuw,2018,Michael de Leeuw
Michael Farfan,2015,Michael Farfan
Michael Farfan,2016,Michael Farfan
Michael Fucito,2015,Michael Fucito
Michael Harrington,2015,Michael Harrington
Michael Harrington,2016,Michael Harrington
Michael Harrington,2017,Michael Harrington
Michael Lahoud,2015,Michael Lahoud
Michael Mancienne,2018,Michael Mancienne
Michael Murillo,2017,Michael Murillo
Michael Murillo,2018,Michael Murillo
Michael Nanchoff,2015,Michael Nanchoff
Michael Parkhurst,2015,Michael Parkhurst
Michael Parkhurst,2016,Michael Parkhurst
Michael Parkhurst,2017,Michael Parkhurst
Michael Parkhurst,2018,Michael Parkhurst
Michael Petrasso,2018,Michael Petrasso
Michael Salazar,2016,Michael Salazar
Michael Salazar,2017,Michael Salazar
Michael Stephens,2015,Michael Stephens
Michael Stephens,2016,Michael Stephens
Micheal Azira,2015,Micheal Azira
Micheal Azira,2016,Micheal Azira
Micheal Azira,2017,Micheal Azira
Micheal Azira,2018,Micheal Azira
Michel,2015,Michel Pereira
Miguel Aguilar,2015,Miguel Aguilar
Miguel Aguilar,2016,Miguel Aguilar
Miguel Almiron,2017,Miguel Almiron
Miguel Almiron,2018,Miguel Almiron
Miguel Camargo,2017,Miguel Camargo
Miguel Ibarra,2017,Miguel Ibarra
Miguel Ibarra,2018,Miguel Ibarra
Mika Vayrynen,2015,Mika Vayrynen
Mike da Fonte,2017,Mike da Fonte
Mike Grella,2015,Mike Grella
Mike Grella,2016,Mike Grella
Mike Grella,2017,Mike Grella
Mike Grella,2018,Mike Grella
Mike Magee,2015,Mike Magee
Mike Magee,2016,Mike Magee
Mikey Ambrose,2016,Mikey Ambrose
Mikey Ambrose,2017,Mikey Ambrose
Mikey Ambrose,2018,Mikey Ambrose
Mikey Lopez,2015,Mikey Lopez
Mikey Lopez,2016,Mikey Lopez
Mikey Lopez,2017,Mikey Lopez
Miles Robinson,2018,Miles Robinson
Milton Valenzuela,2018,Milton Valenzuela
Mitchell Taintor,2018,Mitchell Taintor
Mix Diskerud,2015,Mix Diskerud
Mix Diskerud,2016,Mix Diskerud
Mo Babouli,2016,Mo Babouli
Modou Jadama,2018,Modou Jadama
Mohamed El-Munir,2018,Mohamed El-Munir
Mohammed Abu,2017,Mohammed Abu
Mohammed Abu,2018,Mohammed Abu
Mohammed Adams,2018,Mohammed Adams
Mohammed Saeid,2015,Mohammed Saeid
Mohammed Saeid,2016,Mohammed Saeid
Mohammed Saeid,2017,Mohammed Saeid
Moises Hernandez,2015,Moises Hernandez
Muhamed Keita,2017,Muhamed Keita
Nat Borchers,2015,Nat Borchers
Nat Borchers,2016,Nat Borchers
Nathan Smith,2017,Nathan Smith
Nathan Sturgis,2015,Nathan Sturgis
Neco Brett,2016,Neco Brett
Ned Grabavoy,2015,Ned Grabavoy
Ned Grabavoy,2016,Ned Grabavoy
Nelson Valdez,2015,Nelson Valdez
Nelson Valdez,2016,Nelson Valdez
Nemanja Nikolic,2017,Nemanja Nikolic
Nemanja Nikolic,2018,Nemanja Nikolic
Nicholas DePuy,2017,Nicholas DePuy
Nick Besler,2018,Nick Besler
Nick DeLeon,2015,Nick DeLeon
Nick DeLeon,2016,Nick DeLeon
Nick DeLeon,2017,Nick DeLeon
Nick DeLeon,2018,Nick DeLeon
Nick DePuy,2017,Nick DePuy
Nick Hagglund,2015,Nick Hagglund
Nick Hagglund,2016,Nick Hagglund
Nick Hagglund,2017,Nick Hagglund
Nick Hagglund,2018,Nick Hagglund
Nick LaBrocca,2015,Nick LaBrocca
Nick LaBrocca,2016,Nick LaBrocca
Nick Lima,2017,Nick Lima
Nick Lima,2018,Nick Lima
Nick Rimando,2015,Nick Rimando
Nick Rimando,2016,Nick Rimando
Nick Rimando,2017,Nick Rimando
Nick Rimando,2018,Nick Rimando
Nicolai Naess,2016,Nicolai Naess
Nicolai Naess,2017,Nicolai Naess
Nicolas Hasler,2017,Nicolas Hasler
Nicolas Hasler,2018,Nicolas Hasler
Nicolas Lodeiro,2016,Nicolas Lodeiro
Nicolas Lodeiro,2017,Nicolas Lodeiro
Nicolas Lodeiro,2018,Nicolas Lodeiro
Nicolas Mezquida,2015,Nicolas Mezquida
Nicolas Mezquida,2016,Nicolas Mezquida
Nicolas Mezquida,2017,Nicolas Mezquida
Nicolas Mezquida,2018,Nicolas Mezquida
Nigel de Jong,2016,Nigel de Jong
Nigel Reo-Coker,2015,Nigel Reo-Coker
Niki Jackson,2018,Niki Jackson
Niko Hansen,2017,Niko Hansen
Niko Hansen,2018,Niko Hansen
Norberto Paparatto,2015,Norberto Paparatto
Nosa,2017,Nosa Igiebor
Nouhou Tolo,2017,Nouhou Tolo
Nouhou Tolo,2018,Nouhou Tolo
Nuno Coelho,2016,Nuno Coelho
Oalex Anderson,2016,Oalex Anderson
Obafemi Martins,2015,Obafemi Martins
Octavio Rivero,2015,Octavio Rivero
Octavio Rivero,2016,Octavio Rivero
Oguchi Onyewu,2017,Oguchi Onyewu
Ola Kamara,2016,Ola Kamara
Ola Kamara,2017,Ola Kamara
Ola Kamara,2018,Ola Kamara
Olivier Mbaizo,2018,Olivier Mbaizo
Olmes Garcia,2015,Olmes Garcia
Olmes Garcia,2016,Olmes Garcia
Omar Gaber,2018,Omar Gaber
Omar Gonzalez,2015,Omar Gonzalez
Omar Holness,2016,Omar Holness
Omar Holness,2017,Omar Holness
Omer Damari,2016,Omer Damari
Oniel Fisher,2015,Oniel Fisher
Oniel Fisher,2016,Oniel Fisher
Oniel Fisher,2017,Oniel Fisher
Oniel Fisher,2018,Oniel Fisher
Oriol Rosell,2018,Oriol Rosell
Oscar Boniek Garcia,2015,Oscar Boniek Garcia
Oscar Boniek Garcia,2016,Oscar Boniek Garcia
Oscar Boniek Garcia,2017,Oscar Boniek Garcia
Oscar Boniek Garcia,2018,Oscar Boniek Garcia
Oscar Sorto,2015,Oscar Sorto
Osvaldo Alonso,2015,Osvaldo Alonso
Osvaldo Alonso,2016,Osvaldo Alonso
Osvaldo Alonso,2017,Osvaldo Alonso
Osvaldo Alonso,2018,Osvaldo Alonso
Oyvind Alseth,2017,Oyvind Alseth
Pa Modou Kah,2015,Pa Modou Kah
Pa Modou Kah,2016,Pa Modou Kah
Pablo Alvarez,2015,Pablo Alvarez
Pablo Aranguiz,2018,Pablo Aranguiz
Pablo Ruiz,2018,Pablo Ruiz
Paolo Tornaghi,2016,Paolo Tornaghi
Paolo Tornaghi,2017,Paolo Tornaghi
Patrice Bernier,2015,Patrice Bernier
Patrice Bernier,2016,Patrice Bernier
Patrice Bernier,2017,Patrice Bernier
Patrick Doody,2015,Patrick Doody
Patrick Doody,2017,Patrick Doody
Patrick McLain,2016,Patrick McLain
Patrick McLain,2018,Patrick McLain
Patrick Mullins,2015,Patrick Mullins
Patrick Mullins,2016,Patrick Mullins
Patrick Mullins,2017,Patrick Mullins
Patrick Mullins,2018,Patrick Mullins
Patrick Nyarko,2015,Patrick Nyarko
Patrick Nyarko,2016,Patrick Nyarko
Patrick Nyarko,2017,Patrick Nyarko
Paul Arriola,2017,Paul Arriola
Paul Arriola,2018,Paul Arriola
Paul Christensen,2018,Paul Christensen
Paulo Nagamura,2015,Paulo Nagamura
Paulo Nagamura,2016,Paulo Nagamura
Paulo Renato,2015,Paulo Renato
Paxton Pomykal,2017,Paxton Pomykal
Paxton Pomykal,2018,Paxton Pomykal
Pecka,2015,Pecka
Pedro Baez,2016,Pedro Baez Benitez
Pedro Morales,2015,Pedro Morales
Pedro Morales,2016,Pedro Morales
Pedro Ribeiro,2015,Pedro Ribeiro
Pedro Ribeiro,2016,Pedro Ribeiro
Pedro Santos,2017,Pedro Santos
Pedro Santos,2018,Pedro Santos
Pele van Anholt,2017,Pele van Anholt
Perry Kitchen,2015,Perry Kitchen
Perry Kitchen,2018,Perry Kitchen
Phanuel Kavita,2015,Phanuel Kavita
Phanuel Kavita,2016,Phanuel Kavita
Philippe Senderos,2017,Philippe Senderos
Philippe Senderos,2018,Philippe Senderos
Pierre Da Silva,2017,Pierre Da Silva
Pierre Da Silva,2018,Pierre Da Silva
Quincy Amarikwa,2015,Quincy Amarikwa
Quincy Amarikwa,2016,Quincy Amarikwa
Quincy Amarikwa,2017,Quincy Amarikwa
Quincy Amarikwa,2018,Quincy Amarikwa
Rafael Garcia,2015,Rafael Garcia
Rafael Garcia,2016,Rafael Garcia
Rafael Garcia,2017,Rafael Garcia
Rafael Ramos,2015,Rafael Ramos
Rafael Ramos,2016,Rafael Ramos
Rafael Ramos,2017,Rafael Ramos
Rafael Ramos,2018,Rafael Ramos
Raheem Edwards,2017,Raheem Edwards
Raheem Edwards,2018,Raheem Edwards
Rais M'bolhi,2015,Rais M'bolhi
Rasheed Olabiyi,2015,Rasheed Olabiyi
Rasmus Schuller,2017,Rasmus Schuller
Rasmus Schuller,2018,Rasmus Schuller
Raul Mendiola,2016,Raul Mendiola
Raul Mendiola,2017,Raul Mendiola
Raul Rodriguez,2015,Raul Rodriguez
Raul Rodriguez,2016,Raul Rodriguez
Raul Ruidiaz,2018,Raul Ruidiaz
Raymon Gaddis,2015,Raymon Gaddis
Raymon Gaddis,2016,Raymon Gaddis
Raymon Gaddis,2017,Raymon Gaddis
Raymon Gaddis,2018,Raymon Gaddis
Raymond Lee,2015,Raymond Lee
Razvan Cocis,2015,Razvan Cocis
Razvan Cocis,2016,Razvan Cocis
Reagan Dunk,2017,Reagan Dunk
Reggie Cannon,2018,Reggie Cannon
Reto Ziegler,2018,Reto Ziegler
Ricardo Clark,2015,Ricardo Clark
Ricardo Clark,2016,Ricardo Clark
Ricardo Clark,2017,Ricardo Clark
Ricardo Clark,2018,Ricardo Clark
Ricardo Velazco,2017,Ricardo Velazco
Richard Sanchez,2017,Richard Sanchez
Richard Sanchez,2018,Richard Sanchez
Richie Laryea,2017,Richie Laryea
Richie Laryea,2018,Richie Laryea
Richie Marquez,2015,Richie Marquez
Richie Marquez,2016,Richie Marquez
Richie Marquez,2017,Richie Marquez
Ricky Lopez-Espin,2018,Ricky Lopez-Espin
RJ Allen,2015,RJ Allen
RJ Allen,2016,RJ Allen
RJ Allen,2017,RJ Allen
RJ Allen,2018,RJ Allen
Rob Lovejoy,2015,Rob Lovejoy
Rob Lovejoy,2016,Rob Lovejoy
Rob Vincent,2016,Rob Vincent
Rob Vincent,2017,Rob Vincent
Robbie Findley,2015,Robbie Findley
Robbie Keane,2015,Robbie Keane
Robbie Keane,2016,Robbie Keane
Robbie Rogers,2015,Robbie Rogers
Robbie Rogers,2016,Robbie Rogers
Robert Earnshaw,2015,Robert Earnshaw
Rod Fanni,2018,Rod Fanni
Rodney Wallace,2015,Rodney Wallace
Rodney Wallace,2017,Rodney Wallace
Rodney Wallace,2018,Rodney Wallace
Rodrigo Pacheco,2018,Rodrigo Pacheco
Rodrigo Ramos,2016,Rodrigo Ramos
Rodrigo Saravia,2016,Rodrigo Saravia
Roger Espinoza,2015,Roger Espinoza
Roger Espinoza,2016,Roger Espinoza
Roger Espinoza,2017,Roger Espinoza
Roger Espinoza,2018,Roger Espinoza
Roland Alberg,2016,Roland Alberg
Roland Alberg,2017,Roland Alberg
Roland Lamah,2017,Roland Lamah
Roland Lamah,2018,Roland Lamah
Rolando Escobar,2015,Rolando Escobar
Rolf Feltscher,2018,Rolf Feltscher
Romain Alessandrini,2017,Romain Alessandrini
Romain Alessandrini,2018,Romain Alessandrini
Roman Torres,2015,Roman Torres
Roman Torres,2016,Roman Torres
Roman Torres,2017,Roman Torres
Roman Torres,2018,Roman Torres
Romario Ibarra,2018,Romario Ibarra
Romario Williams,2018,Romario Williams
Romell Quioto,2017,Romell Quioto
Romell Quioto,2018,Romell Quioto
Ronald Matarrita,2016,Ronald Matarrita
Ronald Matarrita,2017,Ronald Matarrita
Ronald Matarrita,2018,Ronald Matarrita
Ronald Zubar,2015,Ronald Zubar
Ronald Zubar,2016,Ronald Zubar
Ronaldo Pena,2018,Ronaldo Pena
Roy Miller,2015,Roy Miller
Roy Miller,2017,Roy Miller
Rudy Camacho,2018,Rudy Camacho
Russell Canouse,2017,Russell Canouse
Russell Canouse,2018,Russell Canouse
Russell Teibert,2015,Russell Teibert
Russell Teibert,2016,Russell Teibert
Russell Teibert,2017,Russell Teibert
Russell Teibert,2018,Russell Teibert
Ryan Hollingshead,2015,Ryan Hollingshead
Ryan Hollingshead,2016,Ryan Hollingshead
Ryan Hollingshead,2017,Ryan Hollingshead
Ryan Hollingshead,2018,Ryan Hollingshead
Ryan Meara,2015,Ryan Meara
Ryan Meara,2018,Ryan Meara
Ryan Telfer,2018,Ryan Telfer
Saad Abdul-Salaam,2015,Saad Abdul-Salaam
Saad Abdul-Salaam,2016,Saad Abdul-Salaam
Saad Abdul-Salaam,2017,Saad Abdul-Salaam
Saad Abdul-Salaam,2018,Saad Abdul-Salaam
Sacha Kljestan,2015,Sacha Kljestan
Sacha Kljestan,2016,Sacha Kljestan
Sacha Kljestan,2017,Sacha Kljestan
Sacha Kljestan,2018,Sacha Kljestan
Sal Zizzo,2015,Sal Zizzo
Sal Zizzo,2016,Sal Zizzo
Sal Zizzo,2017,Sal Zizzo
Sal Zizzo,2018,Sal Zizzo
Sam Adekugbe,2015,Samuel Adekugbe
Sam Adekugbe,2016,Samuel Adekugbe
Sam Cronin,2015,Sam Cronin
Sam Cronin,2016,Sam Cronin
Sam Cronin,2017,Sam Cronin
Sam Hamilton,2017,Sam Hamilton
Sam Nicholson,2017,Sam Nicholson
Sam Nicholson,2018,Sam Nicholson
Samba,2016,Sambinha
Sambinha,2016,Sambinha
Samuel Armenteros,2018,Samuel Armenteros
Samuel Piette,2017,Samuel Piette
Samuel Piette,2018,Samuel Piette
Samuel Vines,2018,Sam Vines
Sanna Nyassi,2015,Sanna Nyassi
Santiago Mosquera,2018,Santiago Mosquera
Saphir Taider,2018,Saphir Taider
Scott Caldwell,2015,Scott Caldwell
Scott Caldwell,2016,Scott Caldwell
Scott Caldwell,2017,Scott Caldwell
Scott Caldwell,2018,Scott Caldwell
Scott Sutter,2017,Scott Sutter
Scott Sutter,2018,Scott Sutter
Sean Davis,2015,Sean Davis
Sean Davis,2016,Sean Davis
Sean Davis,2017,Sean Davis
Sean Davis,2018,Sean Davis
Sean Franklin,2015,Sean Franklin
Sean Franklin,2016,Sean Franklin
Sean Franklin,2017,Sean Franklin
Sean Franklin,2018,Sean Franklin
Sean Johnson,2015,Sean Johnson
Sean Johnson,2016,Sean Johnson
Sean Johnson,2017,Sean Johnson
Sean Johnson,2018,Sean Johnson
Sean Okoli,2015,Sean Okoli
Sean Okoli,2017,Sean Okoli
Sean St Ledger,2015,Sean St. Ledger
Seb Hines,2015,Sebastian Hines
Seb Hines,2016,Sebastian Hines
Seb Hines,2017,Sebastian Hines
Sebastian Blanco,2017,Sebastian Blanco
Sebastian Blanco,2018,Sebastian Blanco
Sebastian Giovinco,2015,Sebastian Giovinco
Sebastian Giovinco,2016,Sebastian Giovinco
Sebastian Giovinco,2017,Sebastian Giovinco
Sebastian Giovinco,2018,Sebastian Giovinco
Sebastian Jaime,2015,Sebastian Jaime
Sebastian Lletget,2015,Sebastian Lletget
Sebastian Lletget,2016,Sebastian Lletget
Sebastian Lletget,2017,Sebastian Lletget
Sebastian Lletget,2018,Sebastian Lletget
Sebastian Saucedo,2015,Sebastian Saucedo
Sebastian Saucedo,2017,Sebastian Saucedo
Sebastian Saucedo,2018,Sebastian Saucedo
Sebastian Velasquez,2015,Sebastian Velasquez
Sebastien Ibeagha,2018,Sebastien Ibeagha
Sebastien Le Toux,2015,Sebastien Le Toux
Sebastien Le Toux,2016,Sebastien Le Toux
Sebastien Le Toux,2017,Sebastien Le Toux
Sergio Campbell,2015,Sergio Campbell
Servando Carrasco,2015,Servando Carrasco
Servando Carrasco,2016,Servando Carrasco
Servando Carrasco,2017,Servando Carrasco
Servando Carrasco,2018,Servando Carrasco
Seth Sinovic,2015,Seth Sinovic
Seth Sinovic,2016,Seth Sinovic
Seth Sinovic,2017,Seth Sinovic
Seth Sinovic,2018,Seth Sinovic
Seyi Adekoya,2017,Seyi Adekoya
Shaft Brewer,2018,Shaft Brewer
Shamit Shome,2017,Shamit Shome
Shamit Shome,2018,Shamit Shome
Shane O'Neill,2015,Shane O'Neill
Shane O'Neill,2018,Shane O'Neill
Shaun Francis,2015,Shaun Francis
Shaun Francis,2016,Shaun Francis
Shaun Francis,2017,Shaun Francis
Shaun Maloney,2015,Shaun Maloney
Shaun Wright-Phillips,2015,Shaun Wright-Phillips
Shaun Wright-Phillips,2016,Shaun Wright-Phillips
Shawn Barry,2018,Shawn Barry
Shay Facey,2015,Shay Facey
Shea Salinas,2015,Shea Salinas
Shea Salinas,2016,Shea Salinas
Shea Salinas,2017,Shea Salinas
Shea Salinas,2018,Shea Salinas
Sheanon Williams,2015,Sheanon Williams
Sheanon Williams,2016,Sheanon Williams
Sheanon Williams,2017,Sheanon Williams
Sheanon Williams,2018,Sheanon Williams
Shkelzen Gashi,2016,Shkelzen Gashi
Shkelzen Gashi,2017,Shkelzen Gashi
Shkelzen Gashi,2018,Shkelzen Gashi
Simon Colyn,2018,Simon Colyn
Simon Dawkins,2016,Simon Dawkins
Simon Dawkins,2017,Simon Dawkins
Soni Mustivar,2015,Soni Mustivar
Soni Mustivar,2016,Soni Mustivar
Soni Mustivar,2017,Soni Mustivar
Soony Saad,2017,Soony Saad
Spencer Richey,2017,Spencer Richey
Stefan Aigner,2017,Stefan Aigner
Stefan Aigner,2018,Stefan Aigner
Stefan Cleveland,2018,Stefan Cleveland
Stefan Frei,2015,Stefan Frei
Stefan Frei,2016,Stefan Frei
Stefan Frei,2017,Stefan Frei
Stefan Frei,2018,Stefan Frei
Stefan Ishizaki,2015,Stefan Ishizaki
Stefan Marinovic,2017,Stefan Marinovic
Stefan Marinovic,2018,Stefan Marinovic
Stefano Bonomo,2018,Stefano Bonomo
Stefano Pinho,2018,Stefano Pinho
Steve Birnbaum,2015,Steven Birnbaum
Steve Birnbaum,2016,Steven Birnbaum
Steve Birnbaum,2017,Steven Birnbaum
Steve Birnbaum,2018,Steven Birnbaum
Steve Clark,2015,Steve Clark
Steve Clark,2016,Steve Clark
Steve Clark,2017,Steve Clark
Steve Clark,2018,Steve Clark
Steve Neumann,2015,Steve Neumann
Steve Neumann,2016,Steve Neumann
Steven Beitashour,2015,Steven Beitashour
Steven Beitashour,2016,Steven Beitashour
Steven Beitashour,2017,Steven Beitashour
Steven Beitashour,2018,Steven Beitashour
Steven Caldwell,2015,Steven Caldwell
Steven Gerrard,2015,Steven Gerrard
Steven Gerrard,2016,Steven Gerrard
Steven Mendoza,2016,Steven Mendoza
Steven Taylor,2016,Steven Taylor
Steven Vitoria,2015,Steven Vitoria
Sunny,2016,Steve Clark
Sunny,2017,Steve Clark
Sunny,2018,Steve Clark
Tally Hall,2015,Tally Hall
Taylor Hunter,2015,Taylor Hunter
Taylor Kemp,2015,Taylor Kemp
Taylor Kemp,2016,Taylor Kemp
Taylor Kemp,2017,Taylor Kemp
Taylor Peay,2015,Taylor Peay
Taylor Peay,2016,Taylor Peay
Taylor Peay,2018,Taylor Peay
Teal Bunbury,2015,Teal Bunbury
Teal Bunbury,2016,Teal Bunbury
Teal Bunbury,2017,Teal Bunbury
Teal Bunbury,2018,Teal Bunbury
Tesho Akindele,2015,Tesho Akindele
Tesho Akindele,2016,Tesho Akindele
Tesho Akindele,2017,Tesho Akindele
Tesho Akindele,2018,Tesho Akindele
Thomas,2015,Thomas
Thomas McNamara,2015,Thomas McNamara
Thomas McNamara,2016,Thomas McNamara
Thomas McNamara,2017,Thomas McNamara
Thomas McNamara,2018,Thomas McNamara
Tim Howard,2016,Tim Howard
Tim Howard,2017,Tim Howard
Tim Howard,2018,Tim Howard
Tim Melia,2015,Tim Melia
Tim Melia,2016,Tim Melia
Tim Melia,2017,Tim Melia
Tim Melia,2018,Tim Melia
Tim Parker,2015,Tim Parker
Tim Parker,2016,Tim Parker
Tim Parker,2017,Tim Parker
Tim Parker,2018,Tim Parker
Timo Pitter,2016,Timo Pitter
Todd Dunivant,2015,Todd Dunivant
Tomas Conechny,2018,Tomas Conechny
Tomas Hilliard-Arce,2018,Tomas Hilliard-Arce
Tomas Martinez,2017,Tomas Martinez
Tomas Martinez,2018,Tomas Martinez
Tommy Meyer,2015,Tommy Meyer
Tommy Redding,2015,Tommy Redding
Tommy Redding,2016,Tommy Redding
Tommy Redding,2017,Tommy Redding
Tommy Redding,2018,Tommy Redding
Tommy Smith,2018,Tommy Smith
Tommy Thompson,2015,Tommy Thompson
Tommy Thompson,2016,Tommy Thompson
Tommy Thompson,2017,Tommy Thompson
Tommy Thompson,2018,Tommy Thompson
Tony Alfaro,2016,Tony Alfaro
Tony Alfaro,2017,Tony Alfaro
Tony Alfaro,2018,Tony Alfaro
Tony Beltran,2015,Tony Beltran
Tony Beltran,2016,Tony Beltran
Tony Beltran,2017,Tony Beltran
Tony Rocha,2016,Tony Rocha
Tony Rocha,2017,Tony Rocha
Tony Rocha,2018,Tony Rocha
Tony Taylor,2015,Tony Taylor
Tony Taylor,2016,Tony Taylor
Tony Tchani,2015,Tony Tchani
Tony Tchani,2016,Tony Tchani
Tony Tchani,2017,Tony Tchani
Tony Tchani,2018,Tony Tchani
Tosaint Ricketts,2016,Tosaint Ricketts
Tosaint Ricketts,2017,Tosaint Ricketts
Tosaint Ricketts,2018,Tosaint Ricketts
Tranquillo Barnetta,2015,Tranquillo Barnetta
Tranquillo Barnetta,2016,Tranquillo Barnetta
Travis Worra,2015,Travis Worra
Travis Worra,2016,Travis Worra
Travis Worra,2017,Travis Worra
Tristan Blackmon,2018,Tristan Blackmon
Troy Perkins,2015,Troy Perkins
Tsubasa Endoh,2016,Tsubasa Endoh
Tsubasa Endoh,2017,Tsubasa Endoh
Ty Harden,2015,Ty Harden
Tyler Adams,2016,Tyler Adams
Tyler Adams,2017,Tyler Adams
Tyler Adams,2018,Tyler Adams
Tyler Deric,2015,Tyler Deric
Tyler Deric,2016,Tyler Deric
Tyler Deric,2017,Tyler Deric
Tyler Deric,2018,Tyler Deric
Tyler Miller,2016,Tyler Miller
Tyler Miller,2017,Tyler Miller
Tyler Miller,2018,Tyler Miller
Tyler Pasher,2017,Tyler Pasher
Tyler Turner,2015,Tyler Turner
Tyrone Mears,2015,Tyrone Mears
Tyrone Mears,2016,Tyrone Mears
Tyrone Mears,2017,Tyrone Mears
Tyrone Mears,2018,Tyrone Mears
Tyson Wahl,2015,Tyson Wahl
Tyson Wahl,2016,Tyson Wahl
Ulises Segura,2018,Ulises Segura
Vadim Demidov,2017,Vadim Demidov
Valentin Castellanos,2018,Valentin Castellanos
Valeri Qazaishvili,2017,Valeri Qazaishvili
Valeri Qazaishvili,2018,Valeri Qazaishvili
Vicente Sanchez,2015,Vicente Sanchez
Vicente Sanchez,2017,Vicente Sanchez
Victor Arboleda,2017,Victor Arboleda
Victor Arboleda,2018,Victor Arboleda
Victor Bernardez,2015,Victor Bernardez
Victor Bernardez,2016,Victor Bernardez
Victor Bernardez,2017,Victor Bernardez
Victor Cabrera,2015,Victor Cabrera
Victor Cabrera,2016,Victor Cabrera
Victor Cabrera,2017,Victor Cabrera
Victor Cabrera,2018,Victor Cabrera
Victor Giro,2018,Victor Giro
Victor Mansaray,2015,Victor Mansaray
Victor Pagliari Giro,2017,Victor Giro
Victor Perez,2015,Victor Perez
Victor Rodriguez,2017,Victor Rodriguez
Victor Rodriguez,2018,Victor Rodriguez
Victor Ulloa,2015,Victor Ulloa
Victor Ulloa,2016,Victor Ulloa
Victor Ulloa,2017,Victor Ulloa
Victor Ulloa,2018,Victor Ulloa
Victor Vazquez,2017,Victor Vazquez
Victor Vazquez,2018,Victor Vazquez
Vincent Bezecourt,2017,Vincent Bezecourt
Vincent Bezecourt,2018,Vincent Bezecourt
Vincent Nogueira,2015,Vincent Nogueira
Vincent Nogueira,2016,Vincent Nogueira
Vytautas Andriuskevicius,2016,Vytautas Andriuskevicius
Vytautas Andriuskevicius,2017,Vytautas Andriuskevicius
Vytautas Andriuskevicius,2018,Vytautas Andriuskevicius
Walker Hume,2017,Walker Hume
Walker Zimmerman,2015,Walker Zimmerman
Walker Zimmerman,2016,Walker Zimmerman
Walker Zimmerman,2017,Walker Zimmerman
Walker Zimmerman,2018,Walker Zimmerman
Walter Restrepo,2016,Walter Restrepo
Wan Kuzain,2018,Wan Kuzain
Wandrille Lefevre,2015,Wandrille Lefevre
Wandrille Lefevre,2016,Wandrille Lefevre
Wandrille Lefevre,2017,Wandrille Lefevre
Warren Creavalle,2015,Warren Creavalle
Warren Creavalle,2016,Warren Creavalle
Warren Creavalle,2017,Warren Creavalle
Warren Creavalle,2018,Warren Creavalle
Waylon Francis,2015,Waylon Francis
Waylon Francis,2016,Waylon Francis
Waylon Francis,2017,Waylon Francis
Waylon Francis,2018,Waylon Francis
Wayne Rooney,2018,Wayne Rooney
Wil Trapp,2015,Wil Trapp
Wil Trapp,2016,Wil Trapp
Wil Trapp,2017,Wil Trapp
Wil Trapp,2018,Wil Trapp
Wilfried Zahibo,2018,Wilfried Zahibo
Will Bruin,2015,Will Bruin
Will Bruin,2016,Will Bruin
Will Bruin,2017,Will Bruin
Will Bruin,2018,Will Bruin
Will Johnson,2015,Will Johnson
Will Johnson,2016,Will Johnson
Will Johnson,2017,Will Johnson
Will Johnson,2018,Will Johnson
Wyatt Omsberg,2018,Wyatt Omsberg
Xavier Kouassi,2017,Xavier Kouassi
Yair Arboleda,2016,Yair Arboleda
Yamil Asad,2017,Yamil Asad
Yamil Asad,2018,Yamil Asad
Yangel Herrera,2017,Yangel Herrera
Yangel Herrera,2018,Yangel Herrera
Yannick Boli,2018,Yannick Boli
Yeferson Quintana,2018,Yeferson Quintana
Yohan Croizet,2018,Yohan Croizet
Yordy Reyna,2017,Yordy Reyna
Yordy Reyna,2018,Yordy Reyna
Yoshimar Yotun,2017,Yoshimar Yotun
Yoshimar Yotun,2018,Yoshimar Yotun
Yura Movsisyan,2016,Yura Movsisyan
Yura Movsisyan,2017,Yura Movsisyan
Yura Movsisyan,2018,Yura Movsisyan
Zac MacMath,2015,Zac MacMath
Zac MacMath,2016,Zac MacMath
Zac MacMath,2017,Zac MacMath
Zac MacMath,2018,Zac MacMath
Zach Loyd,2015,Zach Loyd
Zach Loyd,2016,Zach Loyd
Zach Pfeffer,2015,Zach Pfeffer
Zach Scott,2015,Zach Scott
Zach Scott,2016,Zach Scott
Zach Steinberger,2015,Zach Steinberger
Zachary Herivaux,2016,Zachary Herivaux
Zachary Herivaux,2018,Zachary Herivaux
Zack Steffen,2017,Zack Steffen
Zack Steffen,2018,Zack Steffen
Zarek Valentin,2016,Zarek Valentin
Zarek Valentin,2017,Zarek Valentin
Zarek Valentin,2018,Zarek Valentin
Zlatan Ibrahimovic,2018,Zlatan Ibrahimovic
Zoltan Stieber,2017,Zoltan Stieber
Zoltan Stieber,2018,Zoltan Stieber
